0.082134,0.08598,0.090773,0.096196,0.10226,0.10851,0.11569,0.12347,0.13184,0.14076,0.1501,0.15951,0.16865,0.17764,0.1862,0.19412,0.20109,0.20706,0.21177,0.21529,0.21745,0.21828,0.21794,0.21624,0.21334,0.20923,0.20407,0.19789,0.19072,0.18305,0.17474,0.16611,0.15703,0.14781,0.13859,0.1294,0.12012,0.1113,0.1002,0.090227,0.081108,0.072919,0.067848,0.062815,0.058293,0.054248,0.050995,0.047714,0.044895,0.042335,0.040011,0.037939,0.036309,0.035209,0.034286,0.033634,0.033252,0.033214,0.033511,0.033974,0.034483,0.035123,0.035969,0.036747,0.037575,0.038547,0.039442,0.040385,0.041292,0.042382,0.043536,0.0448,0.046153,0.047726,0.049935,0.051897,0.054039,0.056278,0.058529,0.060987,0.063558,0.066139,0.068853,0.071696,0.074751,0.077897,0.081121,0.084408,0.087742,0.090984,0.094251,0.097513,0.10074,0.10391,0.10698,0.10995
0.084087,0.087819,0.092491,0.097785,0.10371,0.10978,0.11682,0.12445,0.1327,0.14152,0.15083,0.16025,0.16943,0.17852,0.18725,0.19542,0.2027,0.20904,0.21415,0.21814,0.22082,0.22222,0.22251,0.22147,0.21927,0.21584,0.21137,0.20584,0.1993,0.19222,0.18445,0.17629,0.16762,0.15871,0.14972,0.14068,0.13143,0.12258,0.11153,0.10154,0.09235,0.084007,0.078506,0.073018,0.068037,0.063533,0.059847,0.056114,0.052866,0.049878,0.047136,0.044647,0.042634,0.041195,0.039957,0.039019,0.038365,0.038112,0.038247,0.038591,0.038999,0.039574,0.040381,0.041124,0.041932,0.042892,0.043838,0.044818,0.045766,0.046913,0.048134,0.04948,0.050931,0.052633,0.055032,0.05715,0.059469,0.061893,0.064326,0.066989,0.069773,0.072565,0.075501,0.078576,0.081883,0.085285,0.08877,0.092322,0.09592,0.099415,0.10293,0.10644,0.10991,0.11331,0.11661,0.11979
0.085499,0.089126,0.093682,0.098848,0.10463,0.11054,0.11742,0.1249,0.13302,0.14175,0.15101,0.16043,0.16965,0.17884,0.18776,0.19621,0.20381,0.21054,0.21609,0.2206,0.22383,0.22586,0.22682,0.2265,0.22508,0.22241,0.21871,0.21393,0.20811,0.20172,0.19456,0.18697,0.17879,0.17028,0.16161,0.15278,0.14361,0.13478,0.12383,0.11385,0.1046,0.09611,0.090174,0.08422,0.078758,0.073765,0.069606,0.065377,0.061653,0.058184,0.054971,0.052009,0.049553,0.047717,0.046105,0.0448,0.043818,0.0433,0.043227,0.043412,0.043684,0.044161,0.0449,0.045581,0.046374,0.047335,0.048305,0.049316,0.050306,0.051511,0.0528,0.054233,0.055789,0.057626,0.060223,0.062504,0.065005,0.06762,0.070239,0.073109,0.076107,0.079107,0.08226,0.085558,0.089106,0.092752,0.096481,0.10028,0.10412,0.10784,0.11158,0.11531,0.11899,0.12259,0.12609,0.12944
0.086311,0.08984,0.094284,0.099326,0.10497,0.11072,0.11744,0.12476,0.13275,0.14136,0.15058,0.15998,0.16922,0.1785,0.18762,0.19634,0.20428,0.21143,0.21743,0.22247,0.2263,0.22898,0.23067,0.2311,0.23048,0.22862,0.22574,0.22177,0.21673,0.21108,0.20461,0.19765,0.19002,0.18197,0.17366,0.16509,0.15606,0.14728,0.13645,0.1265,0.11721,0.10859,0.10222,0.095796,0.089847,0.084354,0.079702,0.074959,0.070737,0.066765,0.063057,0.059598,0.056673,0.05441,0.052398,0.050691,0.04935,0.048538,0.04823,0.048235,0.04835,0.048711,0.049365,0.049999,0.050801,0.05175,0.05273,0.053762,0.054785,0.056039,0.057388,0.058901,0.060556,0.062525,0.065311,0.067747,0.070423,0.073219,0.076013,0.079079,0.082278,0.085472,0.088826,0.092329,0.096099,0.099966,0.10392,0.10793,0.11199,0.11591,0.11985,0.12377,0.12764,0.13142,0.13508,0.13859
0.086477,0.089916,0.094252,0.099171,0.10468,0.11026,0.11683,0.12398,0.01,0.14032,0.14946,0.15884,0.16809,0.17747,0.18679,0.1958,0.20409,0.21166,0.21815,0.22376,0.22821,0.23157,0.234,0.23521,0.23544,0.23445,0.23245,0.22935,0.22515,0.22032,0.2146,0.20834,0.20133,0.19379,0.18591,0.17765,0.16879,0.1601,0.14941,0.13951,0.1302,0.12143,0.11464,0.10775,0.1013,0.095293,0.090128,0.084849,0.080106,0.075607,0.07138,0.067394,0.063971,0.06125,0.058781,0.05664,0.054906,0.053769,0.053198,0.052996,0.05293,0.053187,0.053798,0.054407,0.055222,0.056156,0.057151,0.058212,0.059281,0.0606,0.062025,0.063638,0.065413,0.067534,0.070528,0.073134,0.075998,0.078985,0.081962,0.085224,0.088619,0.091997,0.095535,0.099222,0.10318,0.10724,0.11137,0.11556,0.11978,0.12385,0.12793,0.13199,0.13598,0.13988,0.14365,0.14726
0.085971,0.089325,0.093554,0.098351,0.10372,0.10914,0.11554,0.12252,0.13021,0.13856,0.14762,0.15695,0.16622,0.1757,0.18522,0.19452,0.20317,0.21118,0.21818,0.22438,0.22948,0.23354,0.23675,0.23879,0.23992,0.23985,0.2388,0.23664,0.23336,0.22941,0.22451,0.21902,0.2127,0.20574,0.19835,0.19046,0.18183,0.17328,0.16277,0.15293,0.14361,0.13472,0.1275,0.12014,0.11319,0.10666,0.10096,0.095116,0.089822,0.084763,0.079983,0.075437,0.071477,0.06823,0.065263,0.062644,0.060474,0.058971,0.058128,0.057723,0.05749,0.05767,0.058212,0.058773,0.059576,0.06049,0.0615,0.06259,0.063708,0.065093,0.066596,0.068305,0.070198,0.072462,0.075649,0.078406,0.081435,0.084585,0.087711,0.091134,0.094684,0.098203,0.10188,0.1057,0.1098,0.11399,0.11825,0.12256,0.1269,0.13108,0.13525,0.1394,0.14348,0.14745,0.15129,0.15497
0.084783,0.088057,0.092181,0.096854,0.10208,0.10733,0.11357,0.12036,0.12788,0.13607,0.14505,0.15435,0.16364,0.17322,0.18294,0.19254,0.20157,0.21006,0.21756,0.22437,0.23013,0.23494,0.23896,0.24187,0.24395,0.24485,0.2448,0.24363,0.24132,0.23831,0.23429,0.22962,0.22404,0.21772,0.21085,0.20337,0.19501,0.18662,0.1763,0.16655,0.15723,0.14821,0.14057,0.13274,0.12529,0.11821,0.11195,0.10554,0.099672,0.094064,0.088747,0.083636,0.079147,0.075413,0.071995,0.068954,0.066415,0.064627,0.063551,0.063011,0.062677,0.062822,0.063361,0.063939,0.064796,0.065746,0.066823,0.067987,0.069189,0.07069,0.072313,0.074123,0.076124,0.078507,0.081841,0.084726,0.087892,0.091175,0.094423,0.097979,0.10167,0.10532,0.10913,0.1131,0.11738,0.12175,0.1262,0.13071,0.13526,0.13965,0.14403,0.14838,0.15268,0.15688,0.16094,0.16484
0.082925,0.086122,0.090138,0.094685,0.099764,0.10485,0.1109,0.1175,0.12483,0.13287,0.14176,0.15101,0.16031,0.16998,0.1799,0.18981,0.19923,0.20818,0.2162,0.22362,0.23006,0.23563,0.24049,0.24431,0.24737,0.24929,0.25028,0.25014,0.24886,0.24684,0.24375,0.23996,0.23518,0.22954,0.22326,0.21623,0.20818,0.19999,0.1899,0.18025,0.17094,0.16181,0.15377,0.14548,0.13751,0.1299,0.12307,0.11606,0.10961,0.1034,0.097468,0.091732,0.086642,0.082336,0.078373,0.074804,0.071779,0.069578,0.068182,0.067394,0.066843,0.066838,0.067286,0.067804,0.06865,0.06958,0.070686,0.071905,0.073195,0.074815,0.07658,0.078559,0.080763,0.083384,0.087007,0.090166,0.093632,0.097227,0.10079,0.10468,0.1087,0.11269,0.11684,0.12115,0.12576,0.13047,0.13525,0.14007,0.14492,0.14959,0.15422,0.15881,0.16333,0.16773,0.17197,0.17603
0.080429,0.083548,0.087454,0.091869,0.096793,0.10171,0.10757,0.11399,0.12115,0.12904,0.13783,0.14703,0.15634,0.1661,0.17623,0.18647,0.19627,0.20569,0.21424,0.22231,0.22945,0.23582,0.24154,0.24629,0.25038,0.25334,0.2554,0.25634,0.25612,0.25514,0.25301,0.25013,0.24618,0.24126,0.23559,0.22904,0.22134,0.21338,0.20352,0.19399,0.18469,0.17544,0.16699,0.15824,0.14977,0.1416,0.13418,0.12657,0.11947,0.11263,0.10607,0.099687,0.093976,0.089071,0.084538,0.08041,0.076869,0.074251,0.072505,0.071442,0.070649,0.070506,0.070856,0.071315,0.072156,0.07307,0.074219,0.075512,0.076913,0.07868,0.080617,0.082796,0.085238,0.088133,0.092072,0.095539,0.099339,0.10328,0.10719,0.11144,0.11583,0.12017,0.12468,0.12934,0.13431,0.13936,0.14446,0.1496,0.15474,0.15966,0.16453,0.16934,0.17405,0.17862,0.18302,0.18721
0.077343,0.080381,0.084172,0.08845,0.093209,0.097944,0.10364,0.10988,0.11687,0.1246,0.13328,0.14242,0.15174,0.16155,0.17186,0.18238,0.19255,0.20242,0.21148,0.22017,0.228,0.23514,0.24171,0.24738,0.25247,0.25647,0.2596,0.26161,0.26245,0.2625,0.26135,0.25939,0.25629,0.25212,0.24708,0.24105,0.23373,0.22603,0.21645,0.20706,0.1978,0.18847,0.17967,0.1705,0.16155,0.15286,0.14487,0.13665,0.12893,0.12146,0.11428,0.10726,0.10093,0.095423,0.090337,0.085661,0.081606,0.078578,0.076496,0.075181,0.07418,0.073923,0.074206,0.074644,0.075528,0.07648,0.077731,0.079165,0.080752,0.082742,0.084931,0.087391,0.09015,0.093391,0.097711,0.10155,0.10574,0.11007,0.11437,0.11901,0.12379,0.12851,0.13338,0.13838,0.14368,0.14904,0.15443,0.15983,0.16521,0.17034,0.17539,0.18036,0.1852,0.18989,0.19438,0.19865
0.073731,0.076685,0.080354,0.084485,0.08907,0.093652,0.099172,0.10524,0.11206,0.11963,0.12819,0.13726,0.14659,0.15645,0.16692,0.17772,0.18825,0.19857,0.20816,0.21747,0.226,0.23391,0.24134,0.24793,0.25404,0.25909,0.2633,0.26638,0.26831,0.2694,0.26924,0.26821,0.26598,0.26257,0.25819,0.25269,0.24577,0.23835,0.22905,0.21981,0.2106,0.20118,0.19205,0.18251,0.1731,0.16391,0.15534,0.14655,0.13826,0.13023,0.12249,0.11492,0.10807,0.10206,0.096536,0.091439,0.087008,0.083693,0.081403,0.07997,0.078901,0.078671,0.079027,0.079585,0.080649,0.081762,0.083234,0.084914,0.086779,0.089036,0.091527,0.094296,0.097382,0.10095,0.10561,0.10974,0.11421,0.1188,0.12333,0.12819,0.13316,0.13803,0.14303,0.14811,0.15346,0.15886,0.16427,0.16965,0.17495,0.17998,0.18489,0.1897,0.19438,0.19887,0.20316,0.20721
0.069672,0.072534,0.076074,0.080049,0.084447,0.088843,0.09418,0.10007,0.10669,0.11408,0.12251,0.13148,0.14079,0.15066,0.16127,0.17231,0.18317,0.19392,0.204,0.21392,0.22312,0.2318,0.24007,0.24758,0.2547,0.26078,0.26607,0.27024,0.27325,0.2754,0.27625,0.27617,0.27483,0.2722,0.26851,0.26357,0.25708,0.24998,0.24098,0.23191,0.22276,0.21326,0.20382,0.19393,0.1841,0.17445,0.16537,0.15603,0.14719,0.13863,0.13037,0.12229,0.11495,0.10848,0.10258,0.097122,0.092372,0.08883,0.086391,0.084902,0.083826,0.083689,0.084181,0.084924,0.086231,0.087533,0.089243,0.091177,0.093313,0.095841,0.098603,0.10163,0.10497,0.10879,0.11366,0.11797,0.1226,0.12733,0.13195,0.13689,0.1419,0.14678,0.15175,0.15677,0.16202,0.1673,0.17257,0.17779,0.18291,0.18775,0.19246,0.19706,0.20151,0.20579,0.20987,0.21371
0.065253,0.068015,0.071416,0.075224,0.079424,0.083656,0.088813,0.094514,0.10095,0.10816,0.11645,0.12533,0.13458,0.14446,0.15518,0.16646,0.17763,0.18879,0.19935,0.20985,0.21971,0.22913,0.23823,0.24662,0.25473,0.26183,0.26816,0.27339,0.27746,0.28064,0.28247,0.28333,0.28286,0.281,0.27798,0.2736,0.26755,0.26078,0.25208,0.24318,0.23408,0.2245,0.2148,0.2046,0.19439,0.18432,0.17473,0.16489,0.15553,0.14648,0.13776,0.12922,0.12146,0.11461,0.1084,0.10264,0.097632,0.093925,0.091396,0.089909,0.088888,0.088904,0.089591,0.09058,0.092159,0.093695,0.095684,0.097907,0.10034,0.10317,0.10621,0.10951,0.11311,0.11718,0.12229,0.1268,0.13161,0.1365,0.14125,0.1463,0.15139,0.15633,0.16135,0.16637,0.17159,0.17685,0.18209,0.18728,0.19236,0.19716,0.20182,0.20637,0.21079,0.21503,0.21907,0.22289
0.060567,0.063221,0.066471,0.070102,0.074093,0.078159,0.083133,0.08865,0.094894,0.10192,0.11007,0.11881,0.128,0.13785,0.14866,0.16013,0.17159,0.18312,0.19413,0.20519,0.21567,0.22579,0.23567,0.24492,0.25397,0.26204,0.26938,0.27563,0.28073,0.2849,0.28768,0.28944,0.28982,0.28872,0.28636,0.28253,0.27692,0.27047,0.26208,0.25335,0.24432,0.23467,0.22471,0.21423,0.20367,0.19321,0.18314,0.17282,0.16298,0.15348,0.14433,0.13538,0.12727,0.1201,0.11363,0.10762,0.10241,0.098568,0.095972,0.094502,0.093576,0.093787,0.094711,0.095989,0.097908,0.099748,0.10206,0.10465,0.10747,0.11066,0.11409,0.11774,0.1217,0.12612,0.13154,0.13635,0.14144,0.14657,0.15156,0.15681,0.16208,0.16719,0.17234,0.17745,0.18272,0.18802,0.19327,0.19846,0.20352,0.2083,0.21289,0.21738,0.22172,0.22587,0.22982,0.23354
0.055709,0.058245,0.061336,0.064778,0.068548,0.072417,0.077201,0.082529,0.088575,0.095413,0.10337,0.11195,0.12104,0.13082,0.14168,0.1533,0.165,0.17684,0.18825,0.1998,0.21086,0.22163,0.23224,0.24228,0.25221,0.26121,0.2695,0.27671,0.28279,0.28791,0.29161,0.29424,0.29544,0.29507,0.29335,0.29007,0.28492,0.2788,0.27073,0.26219,0.25322,0.24354,0.23335,0.22263,0.21179,0.20099,0.19051,0.17976,0.16948,0.15959,0.15007,0.14081,0.13242,0.12497,0.11828,0.11207,0.1067,0.10276,0.10016,0.098781,0.097999,0.098452,0.099658,0.10127,0.10357,0.10576,0.10847,0.11147,0.11472,0.11834,0.1222,0.12627,0.13064,0.13545,0.14123,0.14638,0.1518,0.15724,0.16251,0.16802,0.17352,0.17884,0.18417,0.18941,0.19475,0.2001,0.20538,0.21057,0.21561,0.22034,0.22487,0.22927,0.23351,0.23756,0.24141,0.24503
0.050774,0.053182,0.056103,0.059347,0.062886,0.066552,0.071147,0.076291,0.082143,0.088798,0.096559,0.10497,0.11394,0.12365,0.13452,0.14627,0.15817,0.1703,0.18208,0.19409,0.20568,0.21706,0.22835,0.23914,0.2499,0.25976,0.26894,0.27705,0.28404,0.29005,0.29461,0.29805,0.3,0.30032,0.2992,0.29643,0.2917,0.28593,0.2782,0.26984,0.26094,0.25122,0.24088,0.23,0.21893,0.20787,0.19706,0.18596,0.17535,0.16516,0.15535,0.14586,0.13728,0.12965,0.12284,0.11651,0.11109,0.10716,0.10465,0.10341,0.10284,0.10358,0.10512,0.10711,0.10984,0.11242,0.11554,0.11899,0.12271,0.12679,0.13111,0.13562,0.14041,0.14561,0.15172,0.1572,0.16291,0.16861,0.17408,0.17974,0.1854,0.19082,0.19621,0.20142,0.20665,0.21186,0.21698,0.22196,0.22675,0.2312,0.23542,0.23951,0.24341,0.24711,0.25062,0.25388
0.045851,0.048122,0.050865,0.053901,0.0572,0.06069,0.06511,0.070085,0.075761,0.082251,0.089827,0.098072,0.10694,0.11657,0.12746,0.13931,0.15141,0.16381,0.17592,0.18837,0.20046,0.21241,0.22435,0.23583,0.24736,0.25801,0.26799,0.27693,0.28475,0.29156,0.29689,0.30105,0.30367,0.3046,0.30401,0.30167,0.29734,0.29189,0.28446,0.27626,0.26742,0.25769,0.24723,0.23623,0.225,0.21375,0.20267,0.19132,0.18042,0.17001,0.16001,0.1504,0.14173,0.13405,0.12727,0.12096,0.11561,0.11181,0.10948,0.1085,0.10822,0.10935,0.11131,0.11376,0.117,0.12004,0.12367,0.1276,0.13181,0.13637,0.14116,0.14611,0.15131,0.15688,0.16329,0.16906,0.175,0.18087,0.18647,0.19221,0.19792,0.20336,0.20868,0.21374,0.21876,0.22373,0.22857,0.23324,0.23768,0.2418,0.24564,0.24935,0.25287,0.25618,0.25928,0.26214
0.041022,0.043148,0.045704,0.048557,0.051649,0.054983,0.059252,0.064091,0.069626,0.07596,0.083376,0.091479,0.10027,0.10982,0.12073,0.13269,0.14496,0.15761,0.17005,0.1829,0.19545,0.20793,0.22043,0.23255,0.24475,0.2561,0.26679,0.27645,0.28498,0.29247,0.29845,0.30321,0.3064,0.30783,0.30766,0.30569,0.30166,0.29642,0.28925,0.28118,0.27239,0.26264,0.25209,0.24101,0.2296,0.21817,0.20684,0.19527,0.18415,0.17357,0.1635,0.15388,0.14524,0.13762,0.13096,0.1248,0.11963,0.11607,0.11404,0.11342,0.11355,0.11518,0.11766,0.1207,0.12451,0.1281,0.13229,0.13679,0.14157,0.14667,0.15199,0.15742,0.16305,0.16901,0.17572,0.18176,0.18792,0.19395,0.19964,0.2054,0.21108,0.21644,0.22162,0.22648,0.2312,0.23589,0.2404,0.24472,0.24875,0.25248,0.25589,0.25915,0.26222,0.26509,0.26777,0.27023
0.036358,0.038332,0.040728,0.043407,0.046305,0.049501,0.053647,0.058381,0.063812,0.070025,0.077308,0.085297,0.094024,0.10353,0.11446,0.12652,0.13896,0.15184,0.16459,0.17781,0.19078,0.20373,0.21675,0.22942,0.24221,0.25416,0.26546,0.27571,0.28484,0.29289,0.2994,0.30464,0.30827,0.31007,0.31023,0.30851,0.30471,0.29965,0.29268,0.28472,0.27595,0.26619,0.25554,0.24437,0.23283,0.22127,0.20975,0.19806,0.18683,0.17622,0.1662,0.15669,0.14823,0.14081,0.13443,0.12857,0.12373,0.12057,0.11894,0.11878,0.11942,0.12161,0.12467,0.12833,0.13278,0.13695,0.14173,0.1468,0.15214,0.15775,0.16356,0.16941,0.17542,0.1817,0.18862,0.19485,0.20114,0.20722,0.21291,0.21859,0.22416,0.22937,0.23436,0.23897,0.24337,0.24773,0.25189,0.25583,0.25943,0.26273,0.26571,0.26854,0.27119,0.27365,0.27592,0.278
0.031991,0.033854,0.036117,0.038654,0.041397,0.044506,0.048586,0.053283,0.05865,0.064804,0.072013,0.079943,0.088658,0.098148,0.10913,0.1213,0.13392,0.14702,0.16004,0.17359,0.18693,0.20028,0.21373,0.22685,0.24011,0.25252,0.26427,0.27497,0.28453,0.29297,0.29985,0.30544,0.30935,0.31143,0.31182,0.31029,0.30668,0.30178,0.295,0.28715,0.27838,0.2686,0.25792,0.24678,0.23526,0.22374,0.21221,0.20056,0.18939,0.17896,0.16917,0.15998,0.15188,0.14484,0.13892,0.1335,0.12913,0.12645,0.12534,0.12571,0.12691,0.12971,0.13339,0.13768,0.14274,0.14748,0.1528,0.1584,0.16422,0.17028,0.17649,0.18269,0.18895,0.19545,0.20246,0.20876,0.21508,0.22113,0.22672,0.23225,0.23765,0.24269,0.24744,0.25175,0.25576,0.25972,0.26346,0.26698,0.27013,0.273,0.27553,0.27791,0.28013,0.28216,0.28403,0.28573
0.027841,0.029587,0.031711,0.034106,0.036694,0.039719,0.043745,0.048419,0.053734,0.059842,0.067016,0.074902,0.083615,0.0931,0.10413,0.11641,0.12918,0.14248,0.15575,0.1696,0.18328,0.19699,0.21081,0.22432,0.23797,0.2508,0.26292,0.27401,0.28394,0.29272,0.29992,0.30579,0.30996,0.31228,0.31287,0.31153,0.30811,0.30339,0.29684,0.28916,0.28051,0.27083,0.26026,0.24929,0.23793,0.22659,0.21522,0.20377,0.19283,0.18274,0.17334,0.16461,0.15703,0.1505,0.14514,0.14027,0.13645,0.13434,0.13379,0.13472,0.1365,0.13989,0.14414,0.14901,0.15464,0.15987,0.16563,0.17168,0.17788,0.18426,0.19076,0.19719,0.20361,0.21021,0.21722,0.22352,0.22976,0.23569,0.24112,0.24643,0.25159,0.25636,0.2608,0.26475,0.26832,0.27185,0.27515,0.27821,0.28088,0.28328,0.28534,0.28726,0.28902,0.29062,0.2921,0.29342
0.024887,0.026613,0.028703,0.031063,0.03361,0.036668,0.04076,0.045531,0.050939,0.057146,0.064401,0.072373,0.08121,0.090808,0.10199,0.11446,0.12746,0.14103,0.15463,0.16883,0.18289,0.19699,0.21123,0.22515,0.23919,0.25242,0.26487,0.27629,0.28656,0.29562,0.30309,0.30919,0.31355,0.31604,0.31676,0.31553,0.31221,0.30757,0.30116,0.29355,0.28492,0.27527,0.26474,0.25389,0.24263,0.23142,0.22015,0.20885,0.19809,0.18827,0.17922,0.17089,0.16377,0.1577,0.15286,0.14851,0.14523,0.14365,0.14362,0.14508,0.14739,0.15133,0.15612,0.16152,0.16765,0.17333,0.17949,0.18591,0.19244,0.19909,0.20583,0.21242,0.21894,0.22559,0.23254,0.23876,0.24488,0.25063,0.25584,0.26087,0.26574,0.27021,0.2743,0.27784,0.28093,0.284,0.28681,0.28938,0.29154,0.29346,0.29503,0.29647,0.29779,0.29895,0.30003,0.30095
0.022766,0.024537,0.026663,0.029088,0.0317,0.034899,0.039173,0.044158,0.049772,0.056186,0.06362,0.071766,0.080799,0.090565,0.10193,0.1146,0.12783,0.14164,0.15551,0.17,0.18436,0.19877,0.2133,0.22751,0.24181,0.25529,0.26795,0.27956,0.28998,0.29915,0.30675,0.31292,0.31735,0.31987,0.3206,0.31938,0.31609,0.31149,0.30516,0.29759,0.28899,0.2794,0.26897,0.25832,0.24723,0.23623,0.22514,0.21409,0.20362,0.19418,0.18557,0.17774,0.17118,0.16568,0.16146,0.15772,0.15506,0.15408,0.15465,0.15667,0.15954,0.16403,0.16935,0.17528,0.18188,0.18798,0.1945,0.20124,0.20804,0.2149,0.22181,0.2285,0.23504,0.24165,0.24846,0.25454,0.26046,0.26596,0.27088,0.27556,0.28007,0.28417,0.28785,0.29093,0.29349,0.29604,0.29833,0.30038,0.30199,0.3034,0.30445,0.30541,0.30627,0.30699,0.30764,0.30817
0.021926,0.02384,0.026102,0.028663,0.03143,0.034858,0.039398,0.044676,0.050568,0.057252,0.064917,0.073276,0.082529,0.092477,0.10402,0.11686,0.13028,0.14428,0.15836,0.17306,0.18764,0.20226,0.21698,0.23136,0.24581,0.25941,0.27212,0.28377,0.29421,0.30337,0.31095,0.31707,0.32144,0.3239,0.32456,0.32328,0.31998,0.31538,0.30911,0.30158,0.29302,0.28346,0.27316,0.2627,0.25186,0.24111,0.23027,0.21953,0.20941,0.2004,0.19227,0.18501,0.17906,0.17417,0.17062,0.16753,0.16552,0.16517,0.16633,0.16891,0.17234,0.17737,0.1832,0.18962,0.19665,0.20314,0.20997,0.217,0.22402,0.23104,0.23806,0.24481,0.25132,0.25786,0.26448,0.27036,0.27603,0.28124,0.28581,0.2901,0.29421,0.29789,0.30115,0.30375,0.30576,0.30775,0.30948,0.31097,0.31201,0.31287,0.3134,0.31387,0.31426,0.31452,0.31475,0.31488
0.025758,0.027703,0.029969,0.032506,0.035267,0.038785,0.043457,0.048867,0.054876,0.061665,0.069393,0.077823,0.087153,0.097138,0.1087,0.12156,0.135,0.14902,0.16315,0.17785,0.19243,0.20703,0.22171,0.23602,0.25034,0.2638,0.2763,0.28773,0.29794,0.3068,0.31409,0.31993,0.324,0.32618,0.32657,0.32505,0.32157,0.31684,0.31053,0.30293,0.2943,0.28475,0.27454,0.26435,0.25385,0.24349,0.23302,0.22274,0.21317,0.20478,0.19735,0.19088,0.18574,0.18167,0.17898,0.17676,0.1756,0.17606,0.17798,0.18128,0.18542,0.19115,0.19762,0.20467,0.21221,0.21915,0.22636,0.2337,0.24096,0.24815,0.25528,0.2621,0.26857,0.27503,0.28146,0.28717,0.29262,0.29755,0.30182,0.30576,0.30956,0.31294,0.31586,0.31808,0.31963,0.32118,0.32249,0.32355,0.32417,0.32465,0.32486,0.32501,0.3251,0.3251,0.32508,0.32498
0.028683,0.030804,0.033217,0.035888,0.038769,0.042453,0.047311,0.052902,0.059079,0.066003,0.073802,0.082266,0.09164,0.10158,0.11309,0.12583,0.13916,0.15303,0.16703,0.18157,0.19599,0.21041,0.22486,0.23893,0.25296,0.26613,0.27829,0.28938,0.29924,0.30772,0.3147,0.32022,0.324,0.32592,0.32608,0.32438,0.32082,0.31604,0.30983,0.30232,0.29378,0.28441,0.27451,0.26479,0.25481,0.24503,0.23517,0.22559,0.21673,0.20913,0.20255,0.197,0.19282,0.18968,0.18798,0.18669,0.18648,0.18786,0.19064,0.19472,0.19963,0.20606,0.21317,0.22079,0.22883,0.2362,0.24373,0.25138,0.25887,0.26622,0.27347,0.28031,0.28673,0.29308,0.29932,0.30483,0.31004,0.31469,0.31868,0.32228,0.32576,0.32882,0.33139,0.33321,0.33429,0.33539,0.33626,0.33691,0.3371,0.33722,0.33708,0.33691,0.3367,0.3364,0.33612,0.33577
0.031937,0.034076,0.036518,0.039197,0.04209,0.045845,0.050812,0.056526,0.062802,0.069805,0.077655,0.086152,0.095555,0.10547,0.11692,0.12957,0.14279,0.15654,0.17042,0.18481,0.19908,0.21332,0.22755,0.24137,0.25509,0.26795,0.27972,0.29046,0.29995,0.30803,0.31467,0.31985,0.32333,0.325,0.32497,0.32312,0.31949,0.31473,0.30866,0.30131,0.293,0.28393,0.27448,0.26533,0.25601,0.24698,0.23787,0.22912,0.22112,0.21446,0.20887,0.20435,0.20121,0.1991,0.19844,0.19815,0.19892,0.2012,0.20483,0.20968,0.21532,0.22241,0.23008,0.23823,0.24669,0.25444,0.26224,0.27012,0.27773,0.28514,0.2924,0.29921,0.3055,0.3117,0.31771,0.32299,0.32795,0.33233,0.336,0.01,0.34242,0.34512,0.34733,0.34875,0.34937,0.35005,0.35049,0.35072,0.35049,0.35025,0.34977,0.34928,0.34877,0.34818,0.34763,0.34702
0.038931,0.040742,0.042862,0.045232,0.047809,0.051343,0.056122,0.061681,0.067804,0.07466,0.082338,0.090694,0.09998,0.10976,0.12105,0.13354,0.1466,0.16019,0.17393,0.18816,0.20226,0.21631,0.23034,0.2439,0.25729,0.26983,0.28124,0.29161,0.30075,0.30845,0.31475,0.31959,0.32276,0.32416,0.3239,0.32188,0.31819,0.31343,0.30749,0.30035,0.2923,0.28359,0.27463,0.26613,0.25752,0.2493,0.24103,0.23322,0.22617,0.22052,0.216,0.2126,0.21057,0.20953,0.20995,0.21071,0.21248,0.21567,0.22012,0.22572,0.23206,0.23976,0.24795,0.25657,0.26538,0.27342,0.28141,0.28939,0.29704,0.3044,0.31159,0.31827,0.32432,0.33025,0.3359,0.34082,0.34538,0.3493,0.35249,0.35521,0.35781,0.35994,0.36155,0.36232,0.36222,0.36216,0.36187,0.36136,0.36036,0.35941,0.35823,0.35704,0.35584,0.35457,0.35337,0.35213
0.047567,0.049061,0.050872,0.052941,0.055241,0.058558,0.063174,0.068575,0.074536,0.081229,0.088715,0.096873,0.106,0.11559,0.12667,0.13891,0.15173,0.16507,0.17859,0.19255,0.20639,0.22015,0.23388,0.2471,0.26012,0.27227,0.28324,0.29318,0.30188,0.30913,0.31504,0.31948,0.32228,0.3234,0.32291,0.32074,0.31701,0.31233,0.30662,0.29977,0.29206,0.28379,0.2754,0.26761,0.25981,0.25244,0.24506,0.23824,0.23225,0.22772,0.22434,0.22211,0.22125,0.22131,0.22283,0.22466,0.22746,0.23159,0.23689,0.24324,0.25026,0.25855,0.26723,0.27628,0.28539,0.29363,0.30173,0.30976,0.31735,0.32455,0.33152,0.33791,0.3436,0.34912,0.35427,0.35867,0.36265,0.36595,0.36845,0.37043,0.37228,0.37367,0.3745,0.37446,0.37348,0.37256,0.37143,0.37009,0.36823,0.36648,0.36455,0.36267,0.36081,0.3589,0.35711,0.35531
0.054997,0.056412,0.058154,0.06016,0.062416,0.065737,0.070369,0.075825,0.081802,0.08849,0.095924,0.10401,0.11307,0.12254,0.13346,0.14549,0.15808,0.17116,0.18442,0.19807,0.21158,0.22497,0.23834,0.25115,0.2637,0.27539,0.28585,0.2953,0.30351,0.31024,0.31571,0.31972,0.32213,0.32294,0.32221,0.31988,0.31613,0.31157,0.30614,0.29962,0.29232,0.28457,0.27681,0.26976,0.26278,0.25629,0.24984,0.24404,0.2391,0.2357,0.23348,0.23244,0.23275,0.23394,0.23656,0.23945,0.24328,0.24833,0.25446,0.26153,0.26923,0.27809,0.28721,0.2966,0.30589,0.31426,0.32235,0.33031,0.33771,0.34464,0.35129,0.35728,0.36246,0.36744,0.37195,0.3757,0.37898,0.38154,0.38323,0.38438,0.38542,0.38601,0.38604,0.3852,0.38341,0.38173,0.37988,0.37786,0.37534,0.373,0.37055,0.36821,0.36594,0.36368,0.36158,0.35953
0.063364,0.064695,0.066383,0.068341,0.070571,0.073905,0.078587,0.0841,0.090097,0.096779,0.10416,0.11217,0.12113,0.13045,0.14118,0.15294,0.16525,0.17802,0.19095,0.20421,0.21735,0.23033,0.24326,0.2556,0.26763,0.27881,0.28871,0.2976,0.30525,0.31143,0.31643,0.32,0.32203,0.32254,0.32159,0.31917,0.31544,0.31107,0.30598,0.29987,0.29306,0.28593,0.27891,0.27268,0.26661,0.26108,0.25566,0.25098,0.24719,0.24499,0.24398,0.24418,0.24572,0.24808,0.25184,0.2558,0.26064,0.26661,0.27351,0.28125,0.2895,0.29878,0.30819,0.31777,0.3271,0.33544,0.34337,0.35107,0.35813,0.36465,0.37081,0.37626,0.38078,0.38506,0.38877,0.3917,0.39412,0.39578,0.39654,0.39674,0.39686,0.39655,0.3957,0.39398,0.39132,0.38879,0.38614,0.38331,0.38001,0.37698,0.37389,0.37096,0.36815,0.36537,0.3628,0.36031
0.072616,0.073886,0.075542,0.077475,0.079703,0.083067,0.08781,0.093383,0.099432,0.10612,0.11346,0.1214,0.13026,0.13943,0.14994,0.16143,0.17343,0.18584,0.19844,0.21129,0.22402,0.23655,0.24901,0.26084,0.27227,0.28287,0.29214,0.30043,0.30749,0.31308,0.31758,0.32069,0.32233,0.32252,0.32138,0.31887,0.31519,0.311,0.30627,0.30061,0.29433,0.28785,0.28162,0.27629,0.2712,0.26673,0.26242,0.25893,0.25634,0.25536,0.25561,0.25706,0.25981,0.26332,0.26818,0.27317,0.27892,0.28566,0.2932,0.3014,0.31002,0.31952,0.32901,0.33857,0.34772,0.35583,0.3634,0.37065,0.37715,0.38303,0.3885,0.39321,0.39692,0.40035,0.40317,0.40518,0.40668,0.40743,0.40728,0.40658,0.40585,0.40471,0.40307,0.40057,0.39713,0.39387,0.39051,0.38702,0.38306,0.37945,0.37585,0.37244,0.36918,0.36597,0.363,0.36012
0.082587,0.0838,0.0854,0.087302,0.089523,0.092905,0.097683,0.10329,0.10935,0.11603,0.1233,0.13114,0.13988,0.14888,0.15914,0.17029,0.18193,0.19398,0.2062,0.21862,0.23089,0.24294,0.25491,0.26621,0.27703,0.28704,0.29569,0.30338,0.30987,0.3149,0.31894,0.32163,0.32291,0.32288,0.32162,0.3191,0.31553,0.3116,0.30731,0.30219,0.29648,0.2907,0.2853,0.2809,0.27681,0.27338,0.27017,0.26783,0.26642,0.26661,0.26802,0.27065,0.27448,0.27899,0.28481,0.29066,0.29718,0.30452,0.31251,0.32104,0.32989,0.33949,0.34892,0.35833,0.36719,0.37498,0.38209,0.38882,0.39471,0.39991,0.40466,0.40863,0.41153,0.41414,0.41607,0.41724,0.4179,0.41782,0.41685,0.41535,0.41386,0.41204,0.40974,0.40661,0.40257,0.39872,0.39483,0.39083,0.38639,0.38237,0.37842,0.37471,0.37118,0.36776,0.36459,0.36152
0.093109,0.094257,0.095792,0.097623,0.099791,0.10315,0.10792,0.1135,0.11952,0.12612,0.13326,0.14094,0.14948,0.15824,0.16818,0.17896,0.19022,0.20186,0.21366,0.22561,0.23738,0.2489,0.26032,0.27105,0.28124,0.29066,0.2987,0.30581,0.31176,0.31625,0.31987,0.32221,0.32324,0.32305,0.32174,0.3193,0.31594,0.31234,0.30853,0.30397,0.29892,0.29391,0.2894,0.28602,0.28303,0.28075,0.27873,0.27765,0.27752,0.27895,0.2816,0.28543,0.29042,0.296,0.30282,0.30959,0.31691,0.32491,0.3334,0.3423,0.35142,0.36115,0.37057,0.37984,0.38838,0.39581,0.40242,0.40857,0.41376,0.41819,0.42212,0.42522,0.42716,0.42878,0.42967,0.42983,0.42948,0.4284,0.42646,0.424,0.4216,0.4189,0.41577,0.41184,0.40701,0.40242,0.39785,0.39322,0.38818,0.38365,0.3793,0.37523,0.3714,0.3677,0.3643,0.36101
0.10399,0.10507,0.10653,0.10827,0.11037,0.11366,0.11834,0.1238,0.12968,0.13611,0.14303,0.15046,0.15873,0.16719,0.17677,0.18711,0.19788,0.20904,0.22033,0.23171,0.2429,0.25382,0.26465,0.27476,0.28431,0.29312,0.30054,0.30709,0.31252,0.31656,0.31984,0.32191,0.32274,0.32248,0.32121,0.31892,0.31586,0.31269,0.30948,0.30559,0.30134,0.29723,0.29372,0.29144,0.28965,0.2886,0.28787,0.28815,0.28938,0.29212,0.29604,0.3011,0.30724,0.31388,0.32165,0.32928,0.33737,0.34599,0.35494,0.36416,0.37347,0.38323,0.39251,0.40151,0.40961,0.41653,0.42249,0.42789,0.43223,0.43573,0.43866,0.44073,0.44158,0.44209,0.44185,0.44089,0.43945,0.43729,0.43429,0.43076,0.42737,0.42373,0.41971,0.41496,0.40936,0.40405,0.39882,0.39357,0.38797,0.38296,0.37823,0.37385,0.36973,0.36579,0.36217,0.35869
0.1152,0.11623,0.11763,0.11929,0.12135,0.1246,0.12923,0.13462,0.1404,0.14672,0.15349,0.16076,0.16884,0.17709,0.18639,0.19639,0.20675,0.21747,0.22832,0.2392,0.24989,0.26027,0.27056,0.28011,0.28905,0.29728,0.30411,0.31014,0.31506,0.31862,0.32154,0.32329,0.32392,0.32354,0.32227,0.32012,0.31733,0.31456,0.31189,0.30868,0.30521,0.30199,0.29947,0.29825,0.29766,0.29781,0.29837,0.3,0.30257,0.30659,0.31173,0.31797,0.3252,0.33281,0.34146,0.34988,0.35863,0.36778,0.37709,0.38648,0.39583,0.40545,0.4144,0.42294,0.43041,0.43663,0.44176,0.44624,0.44954,0.45195,0.45375,0.45466,0.45431,0.45359,0.45212,0.44997,0.44734,0.44404,0.43992,0.43533,0.43094,0.42636,0.42147,0.41592,0.40959,0.40358,0.39773,0.39191,0.38578,0.38035,0.37529,0.37062,0.36625,0.36209,0.35829,0.35464
0.12649,0.12744,0.12875,0.13033,0.13234,0.1355,0.14003,0.14532,0.15099,0.15716,0.16378,0.17086,0.17873,0.18672,0.19571,0.20532,0.21525,0.2255,0.2359,0.24627,0.25643,0.26627,0.27602,0.28501,0.29335,0.30102,0.30726,0.31274,0.31714,0.32025,0.32282,0.3243,0.32474,0.32431,0.32311,0.32114,0.31865,0.31632,0.31424,0.31174,0.30911,0.30684,0.30536,0.30527,0.30589,0.30729,0.30918,0.31217,0.31606,0.32136,0.32771,0.33509,0.34337,0.35192,0.36142,0.37056,0.37991,0.38948,0.39904,0.40849,0.41773,0.42708,0.43558,0.44351,0.4502,0.45558,0.45975,0.46321,0.46537,0.4666,0.46714,0.46678,0.46511,0.46308,0.46029,0.45685,0.45296,0.44845,0.44315,0.43745,0.432,0.4264,0.42058,0.41415,0.40701,0.40022,0.39366,0.38716,0.38042,0.37444,0.36891,0.36381,0.35905,0.35453,0.35038,0.34639
0.13756,0.13837,0.13957,0.14105,0.14298,0.14607,0.15048,0.15563,0.16114,0.16715,0.17355,0.18042,0.18802,0.19573,0.20437,0.21358,0.22307,0.23285,0.24279,0.25264,0.26228,0.27158,0.28081,0.28925,0.29699,0.30409,0.30976,0.31475,0.31871,0.32143,0.32375,0.32506,0.32542,0.32503,0.324,0.32233,0.32025,0.31847,0.31709,0.31542,0.31374,0.31252,0.31221,0.31331,0.3152,0.3179,0.32116,0.32553,0.33078,0.33734,0.34489,0.35338,0.36264,0.37206,0.38229,0.39203,0.40181,0.41165,0.42129,0.43063,0.43961,0.4485,0.45636,0.46351,0.46926,0.47366,0.47672,0.479,0.47987,0.47975,0.47892,0.47718,0.47408,0.47069,0.46658,0.46184,0.45673,0.45105,0.44466,0.43792,0.43151,0.42503,0.4184,0.41126,0.4035,0.39615,0.38908,0.38213,0.37502,0.36874,0.36301,0.35775,0.35285,0.34822,0.34398,0.33991
0.14818,0.1489,0.15002,0.15141,0.15329,0.15629,0.16059,0.16558,0.1709,0.17671,0.18289,0.18952,0.19688,0.2043,0.21261,0.22141,0.23046,0.23978,0.24922,0.25852,0.26762,0.27636,0.28503,0.29291,0.30009,0.30668,0.31184,0.31638,0.31998,0.3224,0.32456,0.32579,0.32619,0.32597,0.32524,0.32399,0.32247,0.3214,0.32086,0.32015,0.31957,0.31951,0.32042,0.32275,0.32595,0.32995,0.33456,0.34029,0.34686,0.35463,0.36326,0.3727,0.38275,0.39281,0.40355,0.41365,0.42363,0.43349,0.44297,0.45199,0.46048,0.4687,0.4757,0.48187,0.4865,0.48971,0.49151,0.49248,0.49197,0.49043,0.48816,0.48499,0.48047,0.47572,0.4703,0.4643,0.45799,0.45119,0.44373,0.43601,0.42869,0.42136,0.41399,0.40618,0.39789,0.39003,0.38254,0.37519,0.36775,0.36122,0.35531,0.34992,0.34491,0.3402,0.3359,0.33177
0.15822,0.15886,0.15991,0.16123,0.16302,0.16591,0.17005,0.17486,0.17997,0.18554,0.19147,0.19783,0.20491,0.21204,0.21997,0.22834,0.23692,0.24574,0.25465,0.26337,0.27193,0.28013,0.28829,0.29565,0.3023,0.3084,0.31312,0.31733,0.32066,0.32291,0.32502,0.3263,0.32689,0.32697,0.32669,0.32602,0.3252,0.32494,0.32529,0.3256,0.32613,0.32724,0.32937,0.3329,0.33737,0.34262,0.34851,0.35549,0.36323,0.37203,0.38155,0.39174,0.40238,0.41286,0.42386,0.43413,0.44409,0.45378,0.46291,0.47144,0.47929,0.48668,0.4927,0.49777,0.50119,0.50318,0.5037,0.50334,0.50141,0.49848,0.49477,0.49023,0.48436,0.47831,0.47163,0.46444,0.45699,0.44914,0.4407,0.43211,0.42397,0.41589,0.40786,0.39947,0.39072,0.38242,0.37456,0.36688,0.35916,0.35242,0.34638,0.34089,0.33582,0.33105,0.32671,0.32253
0.16754,0.16809,0.16904,0.17025,0.17196,0.17472,0.17867,0.18325,0.18812,0.19341,0.19903,0.20508,0.21182,0.21858,0.22608,0.23397,0.24201,0.25027,0.2586,0.26671,0.27464,0.28221,0.28976,0.29651,0.30255,0.30811,0.31235,0.3162,0.31924,0.3213,0.32335,0.32469,0.32545,0.32584,0.32601,0.3259,0.32573,0.32626,0.3275,0.32882,0.33047,0.33279,0.33617,0.34093,0.34667,0.35317,0.36035,0.36859,0.3775,0.38732,0.39773,0.40867,0.41988,0.43077,0.44203,0.45243,0.46236,0.47186,0.48062,0.48863,0.49582,0.5024,0.50745,0.51144,0.51367,0.51444,0.51367,0.51196,0.50859,0.50422,0.49911,0.4932,0.48601,0.47866,0.47076,0.4624,0.45386,0.44502,0.43566,0.42624,0.41732,0.40853,0.39987,0.39096,0.38178,0.3731,0.36492,0.35695,0.34901,0.34211,0.33598,0.33043,0.32532,0.32053,0.31618,0.31199
0.17543,0.17584,0.17664,0.17768,0.17923,0.18177,0.18546,0.18972,0.19425,0.19918,0.20443,0.21008,0.2164,0.22275,0.22979,0.23716,0.24465,0.25237,0.26014,0.26766,0.27502,0.28201,0.28904,0.29528,0.30083,0.30596,0.30989,0.31352,0.31643,0.31846,0.32062,0.32216,0.32325,0.32411,0.32484,0.32541,0.32602,0.3274,0.32961,0.332,0.33482,0.33834,0.34295,0.3489,0.35587,0.36355,0.37192,0.38132,0.39129,0.40201,0.41317,0.42472,0.43636,0.44754,0.45892,0.4693,0.47906,0.48825,0.49653,0.50393,0.51036,0.51605,0.52007,0.52293,0.52393,0.52344,0.52138,0.51827,0.5135,0.50775,0.50126,0.49403,0.48556,0.47698,0.46792,0.45848,0.44893,0.43917,0.42897,0.41879,0.40917,0.39974,0.39052,0.38115,0.37163,0.36263,0.35418,0.34598,0.33788,0.33085,0.32467,0.3191,0.31397,0.30918,0.30484,0.30064
0.18204,0.1823,0.18295,0.18382,0.18521,0.18754,0.19094,0.19488,0.19906,0.20363,0.20849,0.21374,0.21964,0.22556,0.23214,0.23899,0.24594,0.2531,0.26031,0.26726,0.27405,0.28049,0.28702,0.2928,0.29794,0.30275,0.30645,0.30995,0.31283,0.31495,0.31732,0.31915,0.32066,0.32205,0.32345,0.32479,0.32622,0.32853,0.33175,0.33525,0.33925,0.34399,0.3498,0.3569,0.36502,0.3738,0.38327,0.39369,0.40459,0.41606,0.42782,0.43981,0.45172,0.46302,0.47437,0.48459,0.49404,0.50279,0.51048,0.51717,0.52276,0.5275,0.53043,0.53211,0.53184,0.53007,0.52666,0.52221,0.51608,0.50899,0.50118,0.49268,0.48302,0.4733,0.46316,0.4527,0.44221,0.43159,0.42062,0.40975,0.39949,0.38948,0.37978,0.37,0.3602,0.35094,0.34229,0.33391,0.32569,0.31859,0.31239,0.30682,0.3017,0.29694,0.29262,0.28844
0.18697,0.18706,0.18754,0.18822,0.18942,0.19149,0.19458,0.19816,0.20196,0.20614,0.21058,0.21541,0.22087,0.22634,0.23243,0.23876,0.24516,0.25182,0.25849,0.2649,0.27117,0.27714,0.28325,0.28868,0.2935,0.29809,0.30167,0.30513,0.30807,0.31036,0.31302,0.31524,0.31725,0.31926,0.32137,0.32354,0.32586,0.32911,0.33334,0.33792,0.34306,0.34896,0.35592,0.36407,0.37325,0.38302,0.39346,0.40478,0.41648,0.42857,0.44079,0.45311,0.46517,0.47648,0.4877,0.49769,0.50676,0.51499,0.52201,0.52795,0.53268,0.53644,0.53826,0.53875,0.53721,0.53417,0.52947,0.52372,0.51631,0.50796,0.49891,0.48921,0.47842,0.4676,0.45644,0.44503,0.43365,0.42225,0.41057,0.39908,0.38825,0.37773,0.3676,0.35748,0.34746,0.338,0.3292,0.3207,0.31242,0.3053,0.29913,0.2936,0.28852,0.28382,0.27955,0.27542
0.19022,0.19015,0.19045,0.19094,0.19194,0.19376,0.19652,0.19975,0.20316,0.20696,0.21099,0.21541,0.22043,0.22547,0.2311,0.23697,0.2429,0.2491,0.25533,0.26129,0.26716,0.27277,0.27859,0.28381,0.28849,0.29298,0.29657,0.30014,0.30329,0.3059,0.30899,0.31173,0.31436,0.31709,0.32001,0.32306,0.3263,0.33052,0.33574,0.34137,0.34759,0.35454,0.36254,0.37162,0.3817,0.39229,0.40354,0.41557,0.42786,0.44037,0.45285,0.4653,0.47734,0.48849,0.49943,0.50902,0.51755,0.52514,0.5314,0.53649,0.54027,0.543,0.54369,0.54297,0.54015,0.53586,0.52996,0.52298,0.51435,0.5048,0.49456,0.48374,0.4719,0.46008,0.44798,0.4357,0.42353,0.41143,0.39912,0.38711,0.37579,0.36483,0.35435,0.34395,0.33379,0.32419,0.3153,0.30673,0.29844,0.29133,0.28522,0.27975,0.27474,0.27012,0.26593,0.26185
0.19169,0.19147,0.1916,0.19191,0.19272,0.19429,0.19674,0.19961,0.20266,0.20609,0.20973,0.21378,0.21842,0.22306,0.22829,0.23376,0.23927,0.24509,0.25094,0.25655,0.26211,0.26748,0.27311,0.27819,0.2828,0.28729,0.29098,0.29475,0.29818,0.30119,0.30477,0.30806,0.31135,0.31481,0.31855,0.32246,0.3266,0.33173,0.33787,0.34445,0.35166,0.35957,0.36849,0.37837,0.38922,0.4005,0.4124,0.42499,0.43773,0.45052,0.46314,0.4756,0.48747,0.49835,0.50891,0.51803,0.52595,0.53285,0.5383,0.54253,0.54535,0.547,0.54652,0.54461,0.54058,0.53509,0.52802,0.51987,0.51006,0.49939,0.48803,0.47615,0.46333,0.45057,0.4376,0.42454,0.41165,0.39892,0.38607,0.3736,0.36186,0.35055,0.33978,0.32918,0.31893,0.30927,0.30035,0.29177,0.28354,0.2765,0.2705,0.26515,0.26024,0.25575,0.25166,0.24767
0.19135,0.19099,0.19097,0.19111,0.19174,0.19309,0.19524,0.1978,0.20055,0.20368,0.20701,0.21076,0.21507,0.2194,0.2243,0.22947,0.23467,0.24021,0.2458,0.25114,0.25649,0.2617,0.26723,0.27227,0.27689,0.28144,0.28529,0.28931,0.29306,0.2965,0.30056,0.30441,0.30832,0.31247,0.31695,0.32165,0.3266,0.33254,0.33948,0.34689,0.35495,0.36369,0.37338,0.38394,0.39542,0.40725,0.41967,0.43269,0.44572,0.45866,0.47127,0.48363,0.49526,0.50582,0.51594,0.52453,0.5318,0.53798,0.54258,0.54589,0.54773,0.54832,0.54673,0.54368,0.5385,0.53187,0.5237,0.51445,0.50355,0.49183,0.47945,0.46661,0.45292,0.43935,0.42563,0.41189,0.39839,0.38516,0.37188,0.35908,0.34703,0.33546,0.32449,0.31378,0.30353,0.29388,0.285,0.27647,0.26834,0.26141,0.25555,0.25033,0.24555,0.24118,0.2372,0.23331
0.18921,0.18874,0.18859,0.18858,0.18906,0.19022,0.19214,0.19445,0.19695,0.19984,0.20291,0.2064,0.21045,0.21454,0.2192,0.22414,0.22912,0.23444,0.23984,0.24502,0.25024,0.25537,0.26086,0.26592,0.27062,0.27528,0.27935,0.28365,0.28774,0.29162,0.29617,0.30055,0.30506,0.30987,0.31505,0.32048,0.32616,0.33283,0.34048,0.34862,0.35742,0.36687,0.37723,0.38834,0.40032,0.41257,0.42536,0.43864,0.45184,0.46477,0.47725,0.48938,0.50065,0.51075,0.52029,0.52822,0.5347,0.54002,0.54372,0.54606,0.54687,0.54636,0.54364,0.53944,0.53311,0.52537,0.51613,0.50582,0.49391,0.4812,0.46788,0.45419,0.43976,0.42549,0.41117,0.39688,0.3829,0.36927,0.35568,0.34263,0.33035,0.31859,0.30748,0.29668,0.28643,0.27677,0.26788,0.25935,0.25125,0.24433,0.2385,0.23329,0.2285,0.22411,0.22009,0.21614
0.18608,0.18559,0.18542,0.18539,0.18583,0.18693,0.18872,0.1909,0.19327,0.19603,0.19896,0.20232,0.20623,0.2102,0.21475,0.21955,0.22438,0.2296,0.2349,0.23997,0.24511,0.2502,0.25567,0.26075,0.26549,0.27023,0.27444,0.27897,0.28331,0.28755,0.29248,0.2973,0.30228,0.3076,0.31333,0.31934,0.3256,0.33283,0.34102,0.34971,0.35906,0.36904,0.37989,0.39138,0.4037,0.41623,0.42925,0.44268,0.45591,0.46876,0.48105,0.4929,0.50377,0.51339,0.52237,0.52967,0.53545,0.54002,0.54288,0.54436,0.54426,0.54281,0.53909,0.53388,0.52655,0.51784,0.50768,0.49645,0.48363,0.47008,0.45593,0.44145,0.42632,0.41138,0.39643,0.38158,0.36707,0.353,0.33901,0.32562,0.31303,0.30097,0.28961,0.27861,0.26827,0.25851,0.24956,0.24096,0.23287,0.22595,0.22013,0.21495,0.21017,0.20582,0.20183,0.19791
0.18638,0.18584,0.18561,0.18551,0.18588,0.18686,0.18848,0.19046,0.19262,0.19518,0.1979,0.20103,0.20468,0.20839,0.21267,0.2172,0.22176,0.22672,0.23174,0.23655,0.24144,0.24631,0.25157,0.2565,0.26111,0.26576,0.26996,0.27454,0.27899,0.28343,0.28858,0.29367,0.29898,0.30469,0.31084,0.3173,0.32402,0.3317,0.34032,0.34946,0.35926,0.36968,0.38092,0.3927,0.40526,0.41796,0.43112,0.44457,0.45777,0.47044,0.48245,0.49394,0.50436,0.51348,0.52186,0.5285,0.53355,0.53733,0.53935,0.53999,0.539,0.53661,0.53194,0.52579,0.51755,0.50795,0.49696,0.48491,0.47131,0.45703,0.44216,0.42703,0.41132,0.39583,0.38039,0.36511,0.35021,0.33581,0.32155,0.30796,0.29516,0.28293,0.27143,0.26034,0.25,0.24025,0.23131,0.22275,0.21473,0.20789,0.20215,0.19704,0.19233,0.18806,0.18414,0.1803
0.18645,0.18591,0.18565,0.18549,0.18578,0.18667,0.18812,0.18988,0.19183,0.19418,0.19667,0.19955,0.20293,0.2064,0.21041,0.21468,0.21895,0.22363,0.22836,0.23287,0.23749,0.24213,0.24717,0.25192,0.2564,0.26094,0.26513,0.26975,0.27429,0.27891,0.28427,0.28961,0.29523,0.30129,0.30781,0.31467,0.32178,0.32983,0.3388,0.34828,0.35843,0.36917,0.38069,0.39263,0.40532,0.41809,0.43124,0.4446,0.45763,0.47003,0.48165,0.49269,0.50256,0.51108,0.51878,0.5247,0.52898,0.53193,0.5331,0.53286,0.53099,0.52769,0.52211,0.51506,0.50596,0.49553,0.48379,0.47099,0.45669,0.44177,0.42629,0.41059,0.39441,0.37848,0.36266,0.34705,0.33188,0.31727,0.30287,0.28919,0.27631,0.26403,0.25252,0.24147,0.23124,0.22161,0.21281,0.20438,0.19656,0.18989,0.18432,0.17936,0.17479,0.17067,0.16689,0.16318
0.1865,0.18591,0.18559,0.18534,0.18552,0.18623,0.18744,0.18895,0.19063,0.1927,0.1949,0.19747,0.2005,0.20364,0.20733,0.21125,0.21519,0.21953,0.22391,0.22811,0.23243,0.23682,0.24161,0.2462,0.25055,0.25501,0.25919,0.26387,0.26852,0.27335,0.27893,0.28453,0.29045,0.29685,0.30372,0.31095,0.31841,0.32678,0.33606,0.34584,0.35626,0.36724,0.37891,0.3909,0.40359,0.41631,0.42934,0.44245,0.45515,0.4671,0.47818,0.4886,0.49778,0.50556,0.51242,0.51748,0.52086,0.52289,0.52311,0.52193,0.5191,0.51483,0.50831,0.50035,0.49041,0.47919,0.46673,0.45326,0.43836,0.42294,0.40698,0.39089,0.37442,0.35825,0.34225,0.32658,0.31139,0.29685,0.28258,0.26911,0.25645,0.24442,0.2332,0.22251,0.21271,0.2035,0.19511,0.18711,0.17978,0.17357,0.16844,0.16391,0.15974,0.15602,0.15262,0.14927
0.18662,0.18594,0.1855,0.18512,0.18512,0.18563,0.18658,0.18779,0.18916,0.19094,0.19282,0.19507,0.19776,0.20058,0.20395,0.20756,0.21118,0.21523,0.21932,0.22323,0.22732,0.2315,0.23611,0.24056,0.24483,0.24922,0.25342,0.25817,0.26292,0.26793,0.27368,0.27949,0.28564,0.29232,0.29947,0.30697,0.31468,0.32325,0.33268,0.3426,0.35315,0.3642,0.37591,0.3878,0.40033,0.41283,0.42556,0.43829,0.45052,0.46191,0.47235,0.48207,0.49049,0.49748,0.50349,0.50766,0.51013,0.51124,0.51054,0.50846,0.50473,0.49957,0.49221,0.48345,0.47277,0.46091,0.44792,0.43396,0.41866,0.40291,0.38671,0.37043,0.35392,0.33775,0.32182,0.3063,0.29131,0.27705,0.26312,0.25004,0.23778,0.22618,0.2154,0.20518,0.19593,0.18724,0.17937,0.17187,0.16506,0.1593,0.1546,0.15045,0.14663,0.14324,0.14013,0.13704
0.18679,0.18595,0.18533,0.18475,0.18451,0.18475,0.18538,0.18626,0.18731,0.18878,0.19034,0.19226,0.19464,0.19717,0.20025,0.20359,0.20694,0.21075,0.21459,0.21828,0.22218,0.22622,0.23067,0.23504,0.23926,0.24361,0.24784,0.25265,0.25751,0.2627,0.26861,0.27458,0.28091,0.28777,0.29509,0.30275,0.31059,0.31922,0.32868,0.3386,0.34912,0.3601,0.37166,0.38332,0.39555,0.40768,0.42,0.4322,0.44384,0.45457,0.46428,0.47324,0.48084,0.48698,0.4921,0.4954,0.49697,0.49721,0.49564,0.49271,0.48818,0.48222,0.47412,0.46468,0.45344,0.44108,0.42769,0.4134,0.39785,0.38194,0.36564,0.34934,0.33291,0.31685,0.30109,0.2858,0.27108,0.25713,0.24356,0.23087,0.21898,0.20776,0.19736,0.18754,0.1787,0.17041,0.16288,0.15572,0.14923,0.14374,0.13924,0.13525,0.13157,0.12828,0.12525,0.12222
0.18717,0.18613,0.18527,0.18444,0.18394,0.18388,0.18418,0.18474,0.18547,0.18664,0.1879,0.18956,0.19167,0.19395,0.19678,0.19989,0.20304,0.20665,0.21029,0.21381,0.21756,0.22148,0.22582,0.23011,0.23431,0.23864,0.24289,0.24776,0.25267,0.25797,0.26395,0.27001,0.27641,0.28335,0.29071,0.2984,0.30623,0.3148,0.32414,0.33391,0.34424,0.35501,0.36629,0.37758,0.38937,0.40102,0.4128,0.42438,0.43533,0.44532,0.45424,0.46239,0.46913,0.47442,0.47868,0.48112,0.48185,0.48129,0.47895,0.4753,0.47007,0.46344,0.45474,0.44478,0.43309,0.42035,0.40672,0.39221,0.37654,0.36056,0.34424,0.32799,0.3117,0.29581,0.28026,0.26522,0.25077,0.23712,0.22389,0.21155,0.2,0.18911,0.17902,0.16953,0.16104,0.15308,0.14587,0.139,0.13281,0.12758,0.1233,0.1195,0.11598,0.11285,0.10995,0.10706
0.18834,0.18703,0.18591,0.1848,0.18399,0.18363,0.1836,0.18383,0.18425,0.18512,0.18612,0.18753,0.18939,0.19144,0.19405,0.19697,0.19993,0.20337,0.20684,0.21021,0.21382,0.21765,0.22188,0.22612,0.23027,0.23455,0.23879,0.24365,0.24856,0.25389,0.25985,0.26588,0.27225,0.27914,0.28643,0.29401,0.30169,0.31004,0.31912,0.32858,0.33858,0.34896,0.35982,0.3706,0.38181,0.39287,0.40396,0.41479,0.42496,0.43413,0.4422,0.44947,0.45534,0.45979,0.46323,0.46487,0.46484,0.46355,0.46051,0.45621,0.4504,0.44321,0.43405,0.42371,0.41173,0.39877,0.38502,0.37043,0.35478,0.33889,0.32269,0.30661,0.29056,0.27495,0.25969,0.24499,0.23088,0.2176,0.20475,0.1928,0.18162,0.17108,0.16134,0.15218,0.14405,0.13644,0.12954,0.12298,0.11712,0.11215,0.1081,0.10449,0.10116,0.0982,0.095448,0.092696
0.18801,0.18663,0.18541,0.18419,0.18325,0.18277,0.18256,0.18261,0.18287,0.18357,0.18443,0.18568,0.18738,0.18928,0.19175,0.19451,0.19734,0.20064,0.20397,0.2072,0.21069,0.21441,0.21851,0.22265,0.22672,0.23091,0.23508,0.23987,0.24471,0.24999,0.25586,0.26178,0.26801,0.27477,0.28187,0.28923,0.29664,0.30463,0.3133,0.32233,0.33185,0.34172,0.35199,0.36212,0.37264,0.38296,0.39324,0.4032,0.41249,0.42075,0.42792,0.43429,0.43927,0.44288,0.44549,0.44635,0.44558,0.4436,0.43992,0.43506,0.42877,0.42115,0.41166,0.40108,0.38896,0.37593,0.36221,0.34771,0.33223,0.31657,0.30064,0.28487,0.26923,0.25404,0.23924,0.22501,0.21139,0.19862,0.18632,0.17493,0.16426,0.15424,0.145,0.13637,0.12877,0.12169,0.1153,0.10924,0.1039,0.0994,0.095782,0.092565,0.089604,0.087012,0.084615,0.082215
0.18873,0.18725,0.18593,0.18458,0.18349,0.18283,0.18243,0.18229,0.18235,0.18286,0.18354,0.18462,0.18612,0.18783,0.19012,0.1927,0.19535,0.19848,0.20163,0.20468,0.208,0.21158,0.2155,0.21949,0.22344,0.22748,0.23153,0.23619,0.2409,0.24607,0.25176,0.2575,0.26352,0.27005,0.27688,0.28393,0.29095,0.29849,0.30666,0.31515,0.32409,0.33331,0.34288,0.35226,0.36197,0.37147,0.38086,0.38988,0.39822,0.40554,0.41178,0.41721,0.4213,0.42405,0.42582,0.4259,0.42443,0.42179,0.41754,0.4122,0.4055,0.39755,0.38782,0.3771,0.36495,0.35196,0.33838,0.3241,0.30894,0.29365,0.27815,0.26284,0.24775,0.23311,0.21889,0.20528,0.19228,0.18016,0.16853,0.1578,0.14776,0.13837,0.12975,0.12174,0.11474,0.10824,0.1024,0.096889,0.092079,0.088039,0.084826,0.081984,0.079374,0.07711,0.07504,0.072952
0.19058,0.189,0.18754,0.18602,0.18471,0.18384,0.18322,0.18284,0.18267,0.18297,0.18343,0.18428,0.18555,0.18703,0.18909,0.19144,0.19388,0.19679,0.19971,0.20255,0.20567,0.20906,0.21277,0.21658,0.22036,0.22423,0.22811,0.2326,0.23712,0.24212,0.24758,0.25307,0.25882,0.26504,0.27152,0.27817,0.28477,0.2918,0.29939,0.30725,0.31549,0.32399,0.33278,0.34135,0.35023,0.35889,0.36737,0.37542,0.3828,0.38917,0.39445,0.39895,0.40215,0.40407,0.40504,0.40439,0.40228,0.39906,0.39431,0.38856,0.38154,0.37332,0.36345,0.35267,0.3406,0.32776,0.31443,0.30046,0.28571,0.27089,0.2559,0.24115,0.22668,0.21268,0.19912,0.18621,0.1739,0.16248,0.15155,0.14155,0.13222,0.12351,0.11555,0.10818,0.10178,0.095845,0.09053,0.085531,0.08122,0.07762,0.074787,0.072308,0.070029,0.068063,0.066262,0.064429
0.1936,0.19187,0.19023,0.1885,0.18695,0.18584,0.18496,0.18431,0.18387,0.18392,0.18411,0.18469,0.18568,0.18688,0.18867,0.19075,0.19293,0.19558,0.19823,0.20081,0.20368,0.20684,0.2103,0.21388,0.21744,0.22109,0.22476,0.22902,0.2333,0.23806,0.24324,0.24841,0.25381,0.25966,0.26571,0.27189,0.27797,0.2844,0.29135,0.29849,0.30597,0.31365,0.32162,0.32935,0.33735,0.3451,0.35262,0.35965,0.36601,0.37139,0.37569,0.37925,0.38158,0.38269,0.38289,0.38155,0.37884,0.37509,0.36993,0.36385,0.35662,0.34827,0.33837,0.32769,0.31582,0.30327,0.29033,0.27683,0.26263,0.24843,0.23411,0.22008,0.20637,0.19316,0.18039,0.16829,0.15678,0.14615,0.13604,0.12682,0.11823,0.11023,0.10293,0.096169,0.090337,0.084937,0.08011,0.075574,0.071719,0.068506,0.065991,0.063784,0.061749,0.059996,0.058384,0.056733
0.19767,0.19573,0.19385,0.19187,0.19002,0.18862,0.18743,0.18645,0.1857,0.18543,0.18529,0.18554,0.18618,0.18705,0.99,0.19026,0.19213,0.19447,0.19682,0.19911,0.20169,0.2046,0.20777,0.2111,0.21443,0.21783,0.22126,0.22527,0.22928,0.23377,0.23862,0.24341,0.24841,0.2538,0.25933,0.26495,0.2704,0.27613,0.28234,0.28867,0.29532,0.30214,0.30919,0.31595,0.32294,0.32967,0.33609,0.34202,0.34729,0.35161,0.35489,0.35751,0.35895,0.35926,0.35871,0.35673,0.35351,0.34934,0.34387,0.33758,0.33026,0.3219,0.31214,0.30171,0.2902,0.2781,0.26572,0.25283,0.23936,0.22593,0.21243,0.19925,0.18646,0.17413,0.16228,0.15109,0.14047,0.1307,0.12142,0.11299,0.10514,0.097835,0.091172,0.08501,0.079745,0.074876,0.070523,0.066433,0.062984,0.060111,0.05787,0.055897,0.054071,0.052501,0.051051,0.049561
0.20279,0.20063,0.19851,0.19626,0.19411,0.1924,0.19089,0.18958,0.18851,0.18791,0.18741,0.1873,0.18758,0.1881,0.18921,0.1906,0.19212,0.19411,0.19611,0.19806,0.20031,0.2029,0.20573,0.20874,0.21176,0.21482,0.21792,0.22155,0.22517,0.22925,0.23363,0.23792,0.24237,0.24719,0.25207,0.25699,0.2617,0.26662,0.27197,0.27738,0.28306,0.28887,0.29489,0.30059,0.30649,0.31213,0.31742,0.32221,0.32639,0.32965,0.33195,0.33366,0.33427,0.33387,0.33269,0.33018,0.32656,0.32208,0.31644,0.31008,0.30283,0.29463,0.28516,0.27514,0.26415,0.25266,0.241,0.22887,0.21628,0.20377,0.19121,0.17898,0.16718,0.15583,0.14494,0.13469,0.12498,0.11607,0.10763,0.099988,0.092881,0.08627,0.080245,0.07468,0.069945,0.065569,0.061656,0.057979,0.054903,0.052342,0.050349,0.048588,0.046955,0.045552,0.044231,0.042874
0.20799,0.20551,0.20304,0.20042,0.19786,0.19575,0.19382,0.19207,0.19057,0.1895,0.18855,0.18798,0.18778,0.18783,0.18848,0.18939,0.19047,0.19199,0.19354,0.19504,0.19684,0.19899,0.20136,0.20393,0.20651,0.20912,0.21179,0.21495,0.21807,0.22166,0.22546,0.22915,0.23298,0.23714,0.24133,0.24552,0.2495,0.25363,0.25818,0.26274,0.26752,0.27242,0.27749,0.28226,0.28721,0.29192,0.29625,0.30009,0.30336,0.30579,0.30734,0.30837,0.3084,0.3075,0.3059,0.30306,0.29924,0.29466,0.28901,0.28276,0.27572,0.26782,0.25878,0.24928,0.23892,0.22813,0.21725,0.20596,0.19427,0.1827,0.17111,0.15986,0.14904,0.13866,0.12871,0.11938,0.11056,0.1025,0.094859,0.087964,0.081559,0.075607,0.070183,0.06518,0.060936,0.057018,0.053514,0.050222,0.047489,0.045214,0.043448,0.041883,0.040407,0.039141,0.037952,0.03673
0.2137,0.21085,0.20799,0.20493,0.20191,0.19934,0.19693,0.1947,0.19269,0.19111,0.18966,0.18857,0.18786,0.18741,0.18757,0.188,0.18861,0.18967,0.19076,0.19182,0.19319,0.19492,0.19685,0.19899,0.20116,0.20335,0.20558,0.20828,0.21094,0.21404,0.21728,0.22041,0.22362,0.22715,0.23067,0.23415,0.23739,0.24073,0.24446,0.24816,0.25204,0.25603,0.26016,0.264,0.26801,0.2718,0.27517,0.27809,0.28049,0.28211,0.28297,0.28336,0.28285,0.28151,0.27952,0.27641,0.27245,0.2678,0.26221,0.25611,0.24934,0.24179,0.23323,0.2243,0.21461,0.20456,0.19447,0.18404,0.17328,0.16266,0.15204,0.14176,0.13191,0.12249,0.11347,0.10504,0.097085,0.089832,0.082974,0.076799,0.071066,0.065745,0.060896,0.056428,0.052652,0.049169,0.046051,0.043125,0.040715,0.03871,0.037157,0.035756,0.034437,0.033308,0.032249,0.031161
0.21927,0.216,0.21271,0.20919,0.20568,0.20262,0.19971,0.19697,0.19446,0.19237,0.19041,0.18882,0.1876,0.18667,0.18636,0.18631,0.18648,0.18709,0.18775,0.18839,0.18935,0.19068,0.19219,0.19392,0.19569,0.19748,0.19929,0.20155,0.20375,0.20636,0.20907,0.21163,0.21424,0.21714,0.21998,0.22274,0.22524,0.2278,0.23073,0.23358,0.23658,0.2397,0.24294,0.24591,0.24903,0.25194,0.25443,0.25649,0.25809,0.25901,0.25925,0.25909,0.25813,0.25643,0.25416,0.25086,0.24684,0.24222,0.23677,0.23089,0.22445,0.21731,0.20926,0.20094,0.19194,0.18263,0.17335,0.16376,0.15391,0.1442,0.13452,0.12516,0.11624,0.10771,0.099567,0.091983,0.084827,0.078325,0.072184,0.066671,0.061556,0.056814,0.052473,0.048481,0.045119,0.042044,0.039292,0.036709,0.034601,0.032849,0.031474,0.030233,0.029066,0.028071,0.027138,0.026179
0.2219,0.21841,0.21487,0.21111,0.20731,0.20396,0.20075,0.19772,0.19492,0.19253,0.19028,0.18837,0.18683,0.18558,0.18495,0.18458,0.18443,0.18472,0.18506,0.18542,0.18608,0.18712,0.18833,0.18976,0.19123,0.19273,0.19421,0.19611,0.19795,0.20016,0.20243,0.20452,0.20661,0.20896,0.21121,0.21335,0.2152,0.21706,0.21926,0.22136,0.22359,0.2259,0.2283,0.23042,0.23265,0.23471,0.23632,0.23752,0.23829,0.23847,0.23805,0.23727,0.2358,0.23368,0.23106,0.22751,0.22336,0.21868,0.21329,0.20756,0.20134,0.19449,0.18684,0.179,0.17059,0.16194,0.15335,0.14452,0.13548,0.12661,0.11778,0.10924,0.10115,0.093424,0.086043,0.079187,0.072714,0.066837,0.061283,0.056295,0.051636,0.047309,0.043338,0.039676,0.036599,0.033768,0.031213,0.01,0.026827,0.025156,0.023794,0.02255,0.021375,0.020354,0.019393,0.018414
0.22508,0.22139,0.21764,0.21365,0.20961,0.20603,0.20259,0.19932,0.19628,0.19363,0.19114,0.18899,0.18718,0.1857,0.18481,0.18419,0.18381,0.18385,0.18395,0.18406,0.18447,0.18525,0.18618,0.18732,0.18849,0.18968,0.19082,0.19234,0.19376,0.19553,0.19729,0.19883,0.20034,0.20206,0.20364,0.20508,0.2062,0.20731,0.20872,0.20999,0.21135,0.21279,0.21427,0.21548,0.21681,0.21798,0.21869,0.21903,0.21902,0.2185,0.21745,0.2161,0.21416,0.21168,0.20874,0.20501,0.20076,0.19605,0.19074,0.18515,0.17918,0.17265,0.16546,0.15813,0.15032,0.14232,0.13443,0.1263,0.11802,0.10991,0.10186,0.094097,0.086765,0.079762,0.073075,0.066875,0.061019,0.055705,0.050659,0.046128,0.041893,0.037957,0.034337,0.031016,0.028212,0.025624,0.023278,0.021065,0.01924,0.017664,0.016369,0.01518,0.014058,0.013077,0.012156,0.011225
0.22866,0.22481,0.22089,0.21671,0.21248,0.2087,0.20505,0.20156,0.19828,0.19537,0.19264,0.19023,0.18815,0.1864,0.18522,0.1843,0.18363,0.18334,0.18313,0.18292,0.183,0.18343,0.18401,0.18479,0.1856,0.18641,0.18715,0.1882,0.18915,0.1904,0.19157,0.19254,0.19343,0.19449,0.19536,0.1961,0.1965,0.19686,0.1975,0.19797,0.19849,0.19906,0.19965,0.2,0.20048,0.20083,0.2007,0.20026,0.19955,0.1984,0.19681,0.19497,0.19265,0.18987,0.18671,0.18285,0.1786,0.17397,0.16882,0.16346,0.15781,0.15168,0.145,0.13822,0.13103,0.12368,0.11647,0.10906,0.10157,0.09423,0.086948,0.079938,0.073328,0.067013,0.060979,0.055392,0.050088,0.045276,0.040707,0.036602,0.032761,0.029208,0.025934,0.022923,0.020373,0.018016,0.015876,0.013859,0.0122,0.010744,0.01,0.01,0.01,0.01,0.01,0.01
0.23282,0.22886,0.2248,0.22047,0.21605,0.21207,0.20819,0.20444,0.20089,0.19767,0.19462,0.19186,0.18942,0.18729,0.18572,0.18438,0.1833,0.18259,0.18195,0.18132,0.18097,0.18097,0.18109,0.18143,0.18182,0.18219,0.18245,0.18299,0.18342,0.18413,0.18474,0.18512,0.18541,0.18587,0.18613,0.18622,0.18598,0.18567,0.18563,0.18538,0.18514,0.18495,0.18477,0.18438,0.18412,0.18375,0.18292,0.18181,0.18051,0.17886,0.17682,0.17461,0.17199,0.16899,0.16569,0.16179,0.1576,0.1531,0.14818,0.1431,0.1378,0.1321,0.12592,0.11971,0.11314,0.10645,0.099922,0.093251,0.086519,0.079936,0.073409,0.06713,0.061246,0.055631,0.050249,0.045283,0.040577,0.03632,0.032289,0.02868,0.025336,0.022252,0.019422,0.016834,0.014663,0.012676,0.010891,0.01,0.01,0.01,0.01,0.01,0.01,0.01,0.01,0.01
0.23614,0.23205,0.22784,0.22333,0.21871,0.2145,0.21037,0.20634,0.20248,0.19893,0.19553,0.19239,0.18956,0.18704,0.18505,0.18328,0.18177,0.1806,0.17953,0.17847,0.17769,0.17725,0.17693,0.17682,0.17675,0.17667,0.17647,0.17653,0.17648,0.17667,0.17675,0.17661,0.17637,0.17628,0.17597,0.17549,0.17468,0.17375,0.17309,0.17219,0.17129,0.17043,0.16959,0.16855,0.16766,0.1667,0.1653,0.16365,0.16187,0.15979,0.15742,0.15492,0.1521,0.14897,0.1456,0.1417,0.13759,0.13324,0.12855,0.12376,0.11882,0.11353,0.10784,0.10215,0.096162,0.090107,0.084224,0.078219,0.072203,0.066338,0.060537,0.054971,0.049757,0.044798,0.040065,0.035723,0.031628,0.027948,0.024505,0.021448,0.018633,0.016056,0.013713,0.011594,0.01,0.01,0.01,0.01,0.01,0.01,0.01,0.01,0.01,0.01,0.01,0.01
0.24028,0.23586,0.23131,0.22644,0.22144,0.21683,0.21229,0.20783,0.20352,0.1995,0.19564,0.19204,0.18874,0.18574,0.18327,0.18101,0.17903,0.17739,0.17586,0.17436,0.17315,0.17227,0.17151,0.17096,0.17046,0.16996,0.16932,0.16892,0.16842,0.16815,0.16777,0.16716,0.16644,0.16586,0.16505,0.16407,0.16276,0.16132,0.16013,0.15869,0.15726,0.15585,0.15446,0.15293,0.15157,0.15017,0.14834,0.14632,0.1442,0.14183,0.13924,0.13655,0.13362,0.13044,0.12706,0.12322,0.11925,0.11508,0.11064,0.10614,0.10154,0.096643,0.091392,0.086203,0.080779,0.075309,0.070022,0.064642,0.059278,0.054067,0.048915,0.043997,0.039424,0.035099,0.030998,0.027271,0.023783,0.020683,0.017831,0.015331,0.013053,0.010993,0.01,0.01,0.01,0.01,0.01,0.01,0.01,0.01,0.01,0.01,0.01,0.01,0.01,0.01
0.24219,0.2375,0.23265,0.22746,0.22214,0.21718,0.21228,0.20744,0.20275,0.19833,0.19406,0.19004,0.18632,0.1829,0.18,0.17731,0.1749,0.17283,0.17088,0.169,0.16736,0.16606,0.16489,0.16393,0.16303,0.16213,0.1611,0.16031,0.15942,0.15874,0.15794,0.15692,0.15578,0.15477,0.15355,0.15212,0.15038,0.14851,0.14688,0.145,0.14313,0.14128,0.13945,0.13753,0.13579,0.13403,0.13185,0.12953,0.12713,0.12456,0.1218,0.11898,0.11598,0.11278,0.10943,0.10568,0.10186,0.09789,0.093714,0.089508,0.085277,0.0808,0.076046,0.071381,0.066527,0.061652,0.056973,0.052233,0.047517,0.042963,0.038491,0.034249,0.030341,0.026672,0.02322,0.020119,0.017264,0.014758,0.012476,0.010506,0.01,0.01,0.01,0.01,0.01,0.01,0.01,0.01,0.01,0.01,0.01,0.01,0.01,0.01,0.01,0.01
0.24182,0.2369,0.23181,0.22637,0.22079,0.21555,0.21035,0.2052,0.20019,0.19541,0.19081,0.18644,0.18236,0.17858,0.1753,0.17223,0.16946,0.16701,0.16468,0.16241,0.1604,0.15872,0.15718,0.15584,0.1546,0.15338,0.15203,0.15089,0.14967,0.14864,0.14749,0.14614,0.14466,0.14332,0.14174,0.13996,0.1379,0.1357,0.13375,0.13155,0.12935,0.12718,0.12502,0.1228,0.12076,0.1187,0.11625,0.11369,0.11109,0.10835,0.10547,0.10255,0.099502,0.096294,0.09297,0.089316,0.085672,0.081916,0.078023,0.074161,0.070316,0.066281,0.062028,0.057896,0.053626,0.049347,0.045285,0.0412,0.037175,0.033321,0.029566,0.026034,0.022819,0.019826,0.017035,0.014583,0.012344,0.010409,0.01,0.01,0.01,0.01,0.01,0.01,0.01,0.01,0.01,0.01,0.01,0.01,0.01,0.01,0.01,0.01,0.01,0.01
0.23917,0.23408,0.22881,0.22319,0.21741,0.21195,0.20653,0.20114,0.19587,0.19083,0.18596,0.1813,0.17693,0.17286,0.16928,0.16589,0.16281,0.16002,0.15736,0.15478,0.15245,0.15043,0.14858,0.14691,0.14538,0.14387,0.14224,0.1408,0.13931,0.13798,0.13654,0.13489,0.13315,0.1315,0.12962,0.12757,0.12525,0.12281,0.1206,0.11817,0.11573,0.11332,0.11092,0.10847,0.10622,0.10396,0.10132,0.098608,0.095895,0.093076,0.090154,0.08721,0.084208,0.081092,0.077875,0.074414,0.071008,0.067532,0.063998,0.060522,0.0571,0.053538,0.049812,0.04623,0.042554,0.038877,0.035428,0.031985,0.028625,0.025435,0.022351,0.019476,0.016891,0.014506,0.01232,0.010427,0.01,0.01,0.01,0.01,0.01,0.01,0.01,0.01,0.01,0.01,0.01,0.01,0.01,0.01,0.01,0.01,0.01,0.01,0.01,0.01
0.23432,0.22912,0.22373,0.218,0.2121,0.2065,0.20092,0.19536,0.18992,0.18468,0.17962,0.17476,0.17017,0.16588,0.16205,0.1584,0.15505,0.15197,0.14903,0.14619,0.14361,0.14133,0.13925,0.13734,0.13558,0.13386,0.13201,0.13036,0.12866,0.12711,0.12546,0.12361,0.12165,0.11979,0.11773,0.1155,0.11303,0.11044,0.10807,0.10549,0.10289,0.10033,0.097776,0.095181,0.092774,0.090363,0.087606,0.084792,0.082005,0.079169,0.076265,0.073366,0.07045,0.067465,0.064421,0.061193,0.058084,0.054943,0.051791,0.048723,0.045743,0.042651,0.039446,0.036408,0.033313,0.030247,0.027406,0.024588,0.021863,0.019296,0.016832,0.01455,0.012544,0.010703,0.01,0.01,0.01,0.01,0.01,0.01,0.01,0.01,0.01,0.01,0.01,0.01,0.01,0.01,0.01,0.01,0.01,0.01,0.01,0.01,0.01,0.01
0.22739,0.22214,0.21671,0.21093,0.20499,0.19931,0.19366,0.18801,0.18247,0.17712,0.17194,0.16695,0.16223,0.15776,0.15374,0.14988,0.14631,0.143,0.13988,0.13685,0.13408,0.1316,0.12934,0.12724,0.1253,0.12341,0.12141,0.11959,0.11775,0.11602,0.1142,0.11219,0.11009,0.10809,0.1059,0.10356,0.101,0.098327,0.095866,0.093197,0.09052,0.087864,0.08522,0.08254,0.080044,0.077546,0.074729,0.071877,0.069073,0.066269,0.06343,0.060619,0.057831,0.05501,0.052191,0.049238,0.046431,0.043625,0.04085,0.03816,0.035588,0.032953,0.030248,0.027722,0.025171,0.022668,0.020384,0.018134,0.015981,0.013972,0.012079,0.01034,0.01,0.01,0.01,0.01,0.01,0.01,0.01,0.01,0.01,0.01,0.01,0.01,0.01,0.01,0.01,0.01,0.01,0.01,0.01,0.01,0.01,0.01,0.01,0.01
0.21857,0.21335,0.20793,0.20218,0.19626,0.19059,0.18493,0.17927,0.17371,0.1683,0.16305,0.15797,0.15314,0.14856,0.14438,0.14036,0.13664,0.13317,0.12989,0.12671,0.12379,0.12114,0.11873,0.11648,0.11439,0.11237,0.11026,0.1083,0.10633,0.10448,0.10255,0.10045,0.098268,0.096193,0.093949,0.091566,0.088992,0.08632,0.083841,0.081167,0.078483,0.075815,0.073155,0.070468,0.067955,0.065443,0.062639,0.059819,0.057091,0.054381,0.051688,0.049039,0.046441,0.043842,0.041272,0.038613,0.036123,0.033644,0.031232,0.028928,0.026765,0.024576,0.022352,0.02031,0.018267,0.016283,0.014504,0.012765,0.011141,0.01,0.01,0.01,0.01,0.01,0.01,0.01,0.01,0.01,0.01,0.01,0.01,0.01,0.01,0.01,0.01,0.01,0.01,0.01,0.01,0.01,0.01,0.01,0.01,0.01,0.01,0.01
0.20811,0.20296,0.19763,0.19197,0.18615,0.18055,0.17496,0.16934,0.1638,0.1584,0.15314,0.14803,0.14316,0.13855,0.13431,0.13022,0.12643,0.12288,0.11951,0.11626,0.11325,0.11051,0.10802,0.10569,0.10353,0.10146,0.09932,0.097321,0.095347,0.093461,0.091508,0.089417,0.087255,0.085199,0.082993,0.080662,0.078159,0.075566,0.073148,0.070545,0.067924,0.065311,0.062699,0.06006,0.057581,0.055101,0.05235,0.049621,0.047013,0.044434,0.041883,0.039389,0.036969,0.034572,0.032205,0.029792,0.027568,0.025385,0.023298,0.021335,0.019528,0.017726,0.015916,0.014289,0.012679,0.011136,0.01,0.01,0.01,0.01,0.01,0.01,0.01,0.01,0.01,0.01,0.01,0.01,0.01,0.01,0.01,0.01,0.01,0.01,0.01,0.01,0.01,0.01,0.01,0.01,0.01,0.01,0.01,0.01,0.01,0.01
0.19627,0.19126,0.18606,0.18056,0.17488,0.16939,0.16389,0.15836,0.15289,0.14755,0.14236,0.13732,0.13249,0.1279,0.12366,0.11958,0.11577,0.11219,0.1088,0.10554,0.10251,0.09975,0.097249,0.094912,0.09276,0.090704,0.088598,0.086611,0.084665,0.082806,0.08089,0.078856,0.076758,0.074761,0.072628,0.070378,0.067971,0.065477,0.063136,0.060617,0.058074,0.05553,0.052981,0.050405,0.047976,0.045568,0.04291,0.040302,0.037819,0.035377,0.03298,0.030631,0.028383,0.026184,0.024042,0.021893,0.019944,0.018061,0.016295,0.014664,0.013196,0.011757,0.010332,0.01,0.01,0.01,0.01,0.01,0.01,0.01,0.01,0.01,0.01,0.01,0.01,0.01,0.01,0.01,0.01,0.01,0.01,0.01,0.01,0.01,0.01,0.01,0.01,0.01,0.01,0.01,0.01,0.01,0.01,0.01,0.01,0.01
0.18331,0.17846,0.17342,0.16809,0.16258,0.15723,0.15186,0.14648,0.14115,0.13594,0.13086,0.12592,0.12118,0.11667,0.11248,0.10845,0.10469,0.10115,0.097801,0.094595,0.091626,0.088916,0.086479,0.084209,0.082108,0.080108,0.078073,0.076153,0.074284,0.072495,0.070655,0.068708,0.066699,0.064779,0.062731,0.06057,0.058262,0.055867,0.053604,0.051171,0.048709,0.046261,0.043801,0.041343,0.039025,0.036732,0.034227,0.031785,0.029457,0.027192,0.024997,0.022876,0.020878,0.018955,0.017112,0.015292,0.013677,0.012145,0.010741,0.01,0.01,0.01,0.01,0.01,0.01,0.01,0.01,0.01,0.01,0.01,0.01,0.01,0.01,0.01,0.01,0.01,0.01,0.01,0.01,0.01,0.01,0.01,0.01,0.01,0.01,0.01,0.01,0.01,0.01,0.01,0.01,0.01,0.01,0.01,0.01,0.01
0.16948,0.16481,0.15995,0.15481,0.14953,0.14439,0.13923,0.13403,0.1289,0.12386,0.11896,0.11418,0.1096,0.10523,0.10117,0.097265,0.093622,0.090198,0.086976,0.083905,0.081043,0.078426,0.076085,0.073902,0.071889,0.069975,0.06803,0.066189,0.0644,0.062677,0.060901,0.059024,0.057083,0.055218,0.053229,0.051132,0.048901,0.046587,0.044435,0.04213,0.039802,0.037491,0.035181,0.032888,0.03074,0.028612,0.026322,0.024118,0.022049,0.020066,0.018174,0.016376,0.014717,0.013147,0.011669,0.010232,0.01,0.01,0.01,0.01,0.01,0.01,0.01,0.01,0.01,0.01,0.01,0.01,0.01,0.01,0.01,0.01,0.01,0.01,0.01,0.01,0.01,0.01,0.01,0.01,0.01,0.01,0.01,0.01,0.01,0.01,0.01,0.01,0.01,0.01,0.01,0.01,0.01,0.01,0.01,0.01
0.15503,0.1506,0.14599,0.14111,0.1361,0.1312,0.12629,0.12135,0.11647,0.11168,0.10703,0.10249,0.098133,0.093993,0.090141,0.086449,0.083009,0.079785,0.076762,0.073897,0.071236,0.068811,0.066658,0.064657,0.062826,0.061094,0.059339,0.057656,0.056023,0.054444,0.052812,0.051086,0.049294,0.047563,0.045715,0.043783,0.041747,0.03963,0.037648,0.035526,0.033381,0.031228,0.029083,0.026961,0.024981,0.02303,0.020949,0.018959,0.017109,0.015352,0.013693,0.012135,0.010719,0.01,0.01,0.01,0.01,0.01,0.01,0.01,0.01,0.01,0.01,0.01,0.01,0.01,0.01,0.01,0.01,0.01,0.01,0.01,0.01,0.01,0.01,0.01,0.01,0.01,0.01,0.01,0.01,0.01,0.01,0.01,0.01,0.01,0.01,0.01,0.01,0.01,0.01,0.01,0.01,0.01,0.01,0.01
0.14072,0.13659,0.13231,0.12778,0.12313,0.11858,0.11402,0.10943,0.10489,0.10044,0.09612,0.091904,0.087862,0.084016,0.080431,0.076999,0.073799,0.070798,0.067987,0.065327,0.062857,0.060601,0.058604,0.056746,0.055051,0.053449,0.051804,0.050223,0.04869,0.047199,0.045658,0.04403,0.04234,0.040702,0.038981,0.037185,0.035299,0.033365,0.031526,0.029567,0.027593,0.025619,0.02366,0.021732,0.019941,0.018188,0.016335,0.014576,0.012958,0.011438,0.010018,0.01,0.01,0.01,0.01,0.01,0.01,0.01,0.01,0.01,0.01,0.01,0.01,0.01,0.01,0.01,0.01,0.01,0.01,0.01,0.01,0.01,0.01,0.01,0.01,0.01,0.01,0.01,0.01,0.01,0.01,0.01,0.01,0.01,0.01,0.01,0.01,0.01,0.01,0.01,0.01,0.01,0.01,0.01,0.01,0.01
0.12645,0.12264,0.11868,0.11451,0.11023,0.10603,0.10182,0.097592,0.093411,0.089313,0.085329,0.081448,0.077727,0.074188,0.070887,0.06773,0.064787,0.062029,0.05945,0.057014,0.054755,0.052691,0.050872,0.049153,0.047584,0.046095,0.044566,0.04309,0.041656,0.040252,0.038797,0.037286,0.035718,0.034198,0.032605,0.030947,0.029234,0.027479,0.025788,0.024001,0.02221,0.020431,0.018678,0.016965,0.015388,0.013861,0.01226,0.010758,0.01,0.01,0.01,0.01,0.01,0.01,0.01,0.01,0.01,0.01,0.01,0.01,0.01,0.01,0.01,0.01,0.01,0.01,0.01,0.01,0.01,0.01,0.01,0.01,0.01,0.01,0.01,0.01,0.01,0.01,0.01,0.01,0.01,0.01,0.01,0.01,0.01,0.01,0.01,0.01,0.01,0.01,0.01,0.01,0.01,0.01,0.01,0.01
0.11265,0.10918,0.10559,0.1018,0.097922,0.094114,0.090296,0.086459,0.082667,0.078951,0.075339,0.07182,0.068445,0.065234,0.062233,0.059365,0.056689,0.054153,0.0518,0.049578,0.047515,0.045598,0.043902,0.042289,0.040809,0.039394,0.03794,0.036551,0.035205,0.033884,0.032519,0.031108,0.029652,0.028244,0.026779,0.025265,0.023713,0.022134,0.020624,0.019044,0.017474,0.015928,0.01442,0.01296,0.011632,0.01036,0.01,0.01,0.01,0.01,0.01,0.01,0.01,0.01,0.01,0.01,0.01,0.01,0.01,0.01,0.01,0.01,0.01,0.01,0.01,0.01,0.01,0.01,0.01,0.01,0.01,0.01,0.01,0.01,0.01,0.01,0.01,0.01,0.01,0.01,0.01,0.01,0.01,0.01,0.01,0.01,0.01,0.01,0.01,0.01,0.01,0.01,0.01,0.01,0.01,0.01
0.099394,0.096277,0.093044,0.089643,0.086159,0.082737,0.079308,0.075863,0.072459,0.069123,0.065881,0.062723,0.059693,0.05681,0.054087,0.051478,0.049033,0.046708,0.044537,0.042478,0.04055,0.038744,0.037129,0.03558,0.034141,0.032777,0.031378,0.030035,0.028734,0.027456,0.026146,0.024805,0.023434,0.02212,0.020771,0.019397,0.018008,0.016617,0.015305,0.013955,0.012634,0.011354,0.010124,0.01,0.01,0.01,0.01,0.01,0.01,0.01,0.01,0.01,0.01,0.01,0.01,0.01,0.01,0.01,0.01,0.01,0.01,0.01,0.01,0.01,0.01,0.01,0.01,0.01,0.01,0.01,0.01,0.01,0.01,0.01,0.01,0.01,0.01,0.01,0.01,0.01,0.01,0.01,0.01,0.01,0.01,0.01,0.01,0.01,0.01,0.01,0.01,0.01,0.01,0.01,0.01,0.01
0.08686,0.084083,0.081204,0.07818,0.075083,0.07204,0.06899,0.065927,0.062902,0.059939,0.057059,0.054227,0.051505,0.048905,0.04644,0.044069,0.041835,0.0397,0.037691,0.035772,0.03396,0.032245,0.030719,0.029246,0.027874,0.026564,0.025228,0.023943,0.022705,0.021496,0.02027,0.019032,0.017785,0.016606,0.015415,0.014223,0.013039,0.011873,0.010796,0.01,0.01,0.01,0.01,0.01,0.01,0.01,0.01,0.01,0.01,0.01,0.01,0.01,0.01,0.01,0.01,0.01,0.01,0.01,0.01,0.01,0.01,0.01,0.01,0.01,0.01,0.01,0.01,0.01,0.01,0.01,0.01,0.01,0.01,0.01,0.01,0.01,0.01,0.01,0.01,0.01,0.01,0.01,0.01,0.01,0.01,0.01,0.01,0.01,0.01,0.01,0.01,0.01,0.01,0.01,0.01,0.01
0.07518,0.07273,0.070192,0.067529,0.064805,0.062125,0.05944,0.056719,0.054027,0.051382,0.048805,0.046264,0.043811,0.041456,0.039209,0.037037,0.034974,0.032988,0.031102,0.029313,0.027614,0.025998,0.024549,0.02315,0.021846,0.020602,0.019347,0.018148,0.017006,0.015905,0.01481,0.013723,0.01265,0.011658,0.010677,0.01,0.01,0.01,0.01,0.01,0.01,0.01,0.01,0.01,0.01,0.01,0.01,0.01,0.01,0.01,0.01,0.01,0.01,0.01,0.01,0.01,0.01,0.01,0.01,0.01,0.01,0.01,0.01,0.01,0.01,0.01,0.01,0.01,0.01,0.01,0.01,0.01,0.01,0.01,0.01,0.01,0.01,0.01,0.01,0.01,0.01,0.01,0.01,0.01,0.01,0.01,0.01,0.01,0.01,0.01,0.01,0.01,0.01,0.01,0.01,0.01
0.064448,0.062308,0.060093,0.057772,0.055398,0.053035,0.050665,0.048258,0.04587,0.043517,0.041214,0.038937,0.036726,0.034591,0.032539,0.030543,0.028631,0.026804,0.025061,0.023399,0.021815,0.020305,0.018946,0.017637,0.016421,0.015268,0.01412,0.013036,0.01202,0.011057,0.010119,0.01,0.01,0.01,0.01,0.01,0.01,0.01,0.01,0.01,0.01,0.01,0.01,0.01,0.01,0.01,0.01,0.01,0.01,0.01,0.01,0.01,0.01,0.01,0.01,0.01,0.01,0.01,0.01,0.01,0.01,0.01,0.01,0.01,0.01,0.01,0.01,0.01,0.01,0.01,0.01,0.01,0.01,0.01,0.01,0.01,0.01,0.01,0.01,0.01,0.01,0.01,0.01,0.01,0.01,0.01,0.01,0.01,0.01,0.01,0.01,0.01,0.01,0.01,0.01,0.01
0.054125,0.052207,0.050222,0.048143,0.046016,0.043894,0.04176,0.039592,0.037435,0.035303,0.033208,0.031131,0.029105,0.02714,0.025241,0.023414,0.021662,0.019987,0.018391,0.016873,0.015434,0.014072,0.012858,0.011702,0.010668,0.01,0.01,0.01,0.01,0.01,0.01,0.01,0.01,0.01,0.01,0.01,0.01,0.01,0.01,0.01,0.01,0.01,0.01,0.01,0.01,0.01,0.01,0.01,0.01,0.01,0.01,0.01,0.01,0.01,0.01,0.01,0.01,0.01,0.01,0.01,0.01,0.01,0.01,0.01,0.01,0.01,0.01,0.01,0.01,0.01,0.01,0.01,0.01,0.01,0.01,0.01,0.01,0.01,0.01,0.01,0.01,0.01,0.01,0.01,0.01,0.01,0.01,0.01,0.01,0.01,0.01,0.01,0.01,0.01,0.01,0.01
0.040952,0.039314,0.037618,0.035845,0.034033,0.032224,0.030407,0.028563,0.02673,0.02492,0.023143,0.021409,0.019727,0.018104,0.016546,0.015058,0.013645,0.012308,0.01105,0.01,0.01,0.01,0.01,0.01,0.01,0.01,0.01,0.01,0.01,0.01,0.01,0.01,0.01,0.01,0.01,0.01,0.01,0.01,0.01,0.01,0.01,0.01,0.01,0.01,0.01,0.01,0.01,0.01,0.01,0.01,0.01,0.01,0.01,0.01,0.01,0.01,0.01,0.01,0.01,0.01,0.01,0.01,0.01,0.01,0.01,0.01,0.01,0.01,0.01,0.01,0.01,0.01,0.01,0.01,0.01,0.01,0.01,0.01,0.01,0.01,0.01,0.01,0.01,0.01,0.01,0.01,0.01,0.01,0.01,0.01,0.01,0.01,0.01,0.01,0.01,0.01
0.029661,0.028276,0.026842,0.025371,0.023872,0.022358,0.020839,0.019328,0.017833,0.016368,0.01494,0.013559,0.012232,0.010967,0.01,0.01,0.01,0.01,0.01,0.01,0.01,0.01,0.01,0.01,0.01,0.01,0.01,0.01,0.01,0.01,0.01,0.01,0.01,0.01,0.01,0.01,0.01,0.01,0.01,0.01,0.01,0.01,0.01,0.01,0.01,0.01,0.01,0.01,0.01,0.01,0.01,0.01,0.01,0.01,0.01,0.01,0.01,0.01,0.01,0.01,0.01,0.01,0.01,0.01,0.01,0.01,0.01,0.01,0.01,0.01,0.01,0.01,0.01,0.01,0.01,0.01,0.01,0.01,0.01,0.01,0.01,0.01,0.01,0.01,0.01,0.01,0.01,0.01,0.01,0.01,0.01,0.01,0.01,0.01,0.01,0.01
0.020219,0.019111,0.017973,0.016813,0.015642,0.014469,0.013305,0.012158,0.011039,0.01,0.01,0.01,0.01,0.01,0.01,0.01,0.01,0.01,0.01,0.01,0.01,0.01,0.01,0.01,0.01,0.01,0.01,0.01,0.01,0.01,0.01,0.01,0.01,0.01,0.01,0.01,0.01,0.01,0.01,0.01,0.01,0.01,0.01,0.01,0.01,0.01,0.01,0.01,0.01,0.01,0.01,0.01,0.01,0.01,0.01,0.01,0.01,0.01,0.01,0.01,0.01,0.01,0.01,0.01,0.01,0.01,0.01,0.01,0.01,0.01,0.01,0.01,0.01,0.01,0.01,0.01,0.01,0.01,0.01,0.01,0.01,0.01,0.01,0.01,0.01,0.01,0.01,0.01,0.01,0.01,0.01,0.01,0.01,0.01,0.01,0.01
0.012639,0.011823,0.010994,0.010158,0.01,0.01,0.01,0.01,0.01,0.01,0.01,0.01,0.01,0.01,0.01,0.01,0.01,0.01,0.01,0.01,0.01,0.01,0.01,0.01,0.01,0.01,0.01,0.01,0.01,0.01,0.01,0.01,0.01,0.01,0.01,0.01,0.01,0.01,0.01,0.01,0.01,0.01,0.01,0.01,0.01,0.01,0.01,0.01,0.01,0.01,0.01,0.01,0.01,0.01,0.01,0.01,0.01,0.01,0.01,0.01,0.01,0.01,0.01,0.01,0.01,0.01,0.01,0.01,0.01,0.01,0.01,0.01,0.01,0.01,0.01,0.01,0.01,0.01,0.01,0.01,0.01,0.01,0.01,0.01,0.01,0.01,0.01,0.01,0.01,0.01,0.01,0.01,0.01,0.01,0.01,0.01
0.01,0.01,0.01,0.01,0.01,0.01,0.01,0.01,0.01,0.01,0.01,0.01,0.01,0.01,0.01,0.01,0.01,0.01,0.01,0.01,0.01,0.01,0.01,0.01,0.01,0.01,0.01,0.01,0.01,0.01,0.01,0.01,0.01,0.01,0.01,0.01,0.01,0.01,0.01,0.01,0.01,0.01,0.01,0.01,0.01,0.01,0.01,0.01,0.01,0.01,0.01,0.01,0.01,0.01,0.01,0.01,0.01,0.01,0.01,0.01,0.01,0.01,0.01,0.01,0.01,0.01,0.01,0.01,0.01,0.01,0.01,0.01,0.01,0.01,0.01,0.01,0.01,0.01,0.01,0.01,0.01,0.01,0.01,0.01,0.01,0.01,0.01,0.01,0.01,0.01,0.01,0.01,0.01,0.01,0.01,0.01
0.01,0.01,0.01,0.01,0.01,0.01,0.01,0.01,0.01,0.01,0.01,0.01,0.01,0.01,0.01,0.01,0.01,0.01,0.01,0.01,0.01,0.01,0.01,0.01,0.01,0.01,0.01,0.01,0.01,0.01,0.01,0.01,0.01,0.01,0.01,0.01,0.01,0.01,0.01,0.01,0.01,0.01,0.01,0.01,0.01,0.01,0.01,0.01,0.01,0.01,0.01,0.01,0.01,0.01,0.01,0.01,0.01,0.01,0.01,0.01,0.01,0.01,0.01,0.01,0.01,0.01,0.01,0.01,0.01,0.01,0.01,0.01,0.01,0.01,0.01,0.01,0.01,0.01,0.01,0.01,0.01,0.01,0.01,0.01,0.01,0.01,0.01,0.01,0.01,0.01,0.01,0.01,0.01,0.01,0.01,0.01
